hltm_topic_id,hltm_label,bertopic_id,bertopic_label,overlap_count,overlap_ids,matched_topic_size,overlap_ratio
Z1155,English Education,1,Topic 1: Learning and Speaking Foreign Language,180,"['1143', '427', '36', '273', '861', '555', '40', '2190', '426', '1154', '2591', '1376', '556', '428', '535', '2498', '899', '34', '2439', '1547', '1582', '471', '1948', '1897', '1228', '319', '749', '1355', '2653', '1931', '1898', '1658', '2021', '1486', '2598', '671', '2290', '1745', '2355', '1173', '2570', '1366', '2382', '2315', '1847', '481', '491', '743', '530', '2335', '1272', '1851', '346', '845', '1574', '476', '1986', '520', '2381', '215', '1169', '1762', '2262', '711', '742', '1695', '645', '2362', '69', '1467', '2265', '1433', '1611', '2522', '1633', '2371', '268', '1271', '332', '1747', '2338', '274', '2428', '2421', '2639', '2133', '1044', '1940', '1330', '2477', '265', '123', '578', '705', '2140', '201', '717', '267', '180', '2102', '2586', '1073', '1246', '1428', '116', '855', '782', '102', '500', '852', '895', '2128', '2391', '664', '293', '2575', '956', '986', '1365', '1541', '1628', '1942', '1941', '683', '2160', '1686', '2511', '230', '1934', '1473', '1821', '2330', '1989', '1443', '1704', '1502', '2657', '675', '1881', '401', '1533', '1562', '551', '2592', '528', '2588', '2326', '1979', '2396', '1839', '1189', '2543', '2553', '368', '1387', '1538', '2340', '392', '2070', '917', '2370', '519', '678', '1431', '1514', '1792', '1118', '1462', '655', '1378', '1827', '2408', '1244', '1054', '1081', '1594', '704', '2234', '297', '2386']",258,0.6976744186046512
Z33,Cheese and Ice Cream Desserts,19,Topic 19: Philippine Halo-Halo Dessert,162,"['1953', '990', '1653', '1097', '2117', '615', '2081', '1194', '179', '2121', '1843', '1236', '1190', '1736', '1962', '744', '250', '467', '190', '2277', '1201', '2316', '620', '2518', '1638', '2206', '1702', '1370', '1787', '939', '2248', '1715', '1694', '584', '2312', '758', '2569', '470', '2201', '1529', '875', '213', '2536', '1967', '1853', '586', '139', '2052', '142', '1123', '2127', '1531', '974', '1727', '1849', '726', '1046', '609', '2252', '504', '694', '1155', '644', '2380', '309', '817', '2456', '268', '1435', '186', '1218', '1487', '1062', '221', '2306', '622', '1852', '1231', '1469', '2616', '95', '344', '754', '1408', '728', '1202', '1241', '317', '909', '2169', '2062', '2682', '196', '572', '456', '1247', '634', '2633', '946', '1498', '1625', '707', '2066', '1506', '738', '1813', '708', '1175', '872', '931', '2272', '1065', '970', '1420', '341', '2254', '294', '550', '1704', '155', '438', '289', '13', '1739', '1095', '650', '2326', '971', '1392', '224', '980', '2419', '1504', '75', '2487', '1128', '1846', '359', '1020', '152', '630', '1586', '323', '713', '917', '1191', '890', '1818', '506', '1109', '866', '46', '2198', '429', '1349', '1551', '1342', '1997', '2445', '627', '1009', '2209']",228,0.7105263157894737
Z314,English Language Learning and Education,1,Topic 1: Learning and Speaking Foreign Language,156,"['1143', '427', '36', '555', '40', '2190', '2013', '426', '1154', '2591', '1376', '2597', '428', '2498', '899', '2439', '514', '1547', '1582', '471', '1948', '1897', '1228', '319', '749', '1355', '2653', '1931', '1898', '1658', '2021', '1486', '2598', '2290', '2355', '1173', '1366', '2382', '2315', '1847', '743', '530', '2335', '1272', '1851', '845', '1574', '59', '476', '891', '520', '2381', '215', '1169', '1762', '711', '742', '1695', '2446', '2362', '2243', '1467', '2265', '1433', '2522', '1633', '1271', '332', '1747', '2428', '2421', '1044', '1940', '1330', '2477', '265', '123', '578', '201', '717', '267', '180', '2102', '2586', '1246', '1428', '116', '855', '782', '500', '2391', '895', '2128', '664', '293', '2575', '956', '986', '1011', '1365', '1541', '1628', '683', '1686', '2511', '1934', '1473', '1821', '1443', '1704', '1502', '2657', '675', '1881', '401', '1533', '1562', '551', '2592', '2588', '2585', '2363', '1979', '2396', '1839', '1189', '2543', '2553', '368', '1387', '1538', '405', '392', '2340', '2070', '917', '2370', '519', '678', '1431', '1514', '1792', '1118', '1462', '655', '1378', '2408', '1244', '1054', '587', '1081', '1594', '358', '704', '297', '2386']",258,0.6046511627906976
Z240,English and Tagalog Education,1,Topic 1: Learning and Speaking Foreign Language,152,"['427', '36', '555', '40', '2190', '2013', '426', '1154', '2591', '1376', '2597', '428', '2498', '899', '2439', '514', '1547', '1582', '471', '1948', '1897', '1228', '319', '749', '1355', '2653', '1931', '1898', '1658', '2021', '1486', '2598', '2290', '2355', '1173', '1920', '1366', '2382', '2315', '1847', '743', '530', '2335', '1272', '845', '476', '520', '2381', '215', '1762', '711', '742', '1695', '2446', '2243', '1467', '2265', '1433', '2522', '1633', '1271', '332', '1747', '274', '2692', '2428', '1044', '1940', '1330', '2477', '265', '123', '578', '201', '717', '267', '180', '2102', '2586', '1073', '2147', '1246', '1428', '116', '855', '782', '500', '2391', '895', '2128', '664', '293', '2575', '956', '986', '1011', '1365', '1541', '1628', '683', '1686', '2511', '1934', '1473', '1821', '2285', '1989', '1443', '1704', '1502', '2657', '675', '1881', '401', '1533', '1562', '551', '2592', '2588', '2585', '2363', '1979', '2396', '1839', '1189', '2543', '2553', '368', '1387', '1538', '405', '392', '2340', '917', '519', '678', '1431', '1514', '1118', '1462', '655', '1378', '2408', '1244', '1054', '587', '1081', '1594', '358', '704', '297', '2386']",258,0.5891472868217055
Z1156,Tagalog Education,1,Topic 1: Learning and Speaking Foreign Language,143,"['36', '555', '40', '2190', '2013', '426', '1154', '2591', '1376', '2597', '1287', '428', '2498', '899', '2439', '514', '1582', '1948', '1897', '1228', '319', '749', '1355', '2653', '1931', '1898', '1658', '2021', '1486', '2598', '2355', '1173', '1920', '1366', '2382', '2315', '1847', '530', '2335', '1272', '845', '59', '476', '891', '520', '2381', '215', '1762', '711', '742', '1695', '2446', '2243', '1467', '2265', '1433', '2522', '1633', '1271', '332', '1747', '274', '2692', '2428', '1198', '1044', '1940', '1330', '123', '578', '201', '717', '267', '180', '2102', '2586', '1073', '2147', '1246', '1428', '116', '855', '782', '500', '2391', '2128', '664', '293', '2575', '956', '986', '1011', '1365', '1541', '1628', '1686', '1934', '1473', '1821', '2285', '1443', '1603', '1502', '1704', '675', '2657', '401', '1533', '1562', '551', '2592', '2588', '2585', '2363', '1979', '1839', '1189', '2543', '2553', '368', '1387', '1538', '405', '392', '2340', '917', '519', '678', '1431', '1514', '1118', '1462', '1378', '2408', '1244', '1054', '587', '1081', '1594', '358', '1881', '297', '2386']",258,0.5542635658914729
Z1126,Crispy and Soft Treats,19,Topic 19: Philippine Halo-Halo Dessert,124,"['1478', '900', '990', '1097', '2566', '615', '2081', '1194', '179', '2121', '1988', '1030', '1843', '1236', '1190', '1736', '1962', '468', '744', '467', '190', '2277', '1201', '2316', '620', '1638', '2206', '1702', '1812', '1370', '2015', '2248', '1715', '2312', '758', '2569', '470', '213', '1967', '586', '139', '2055', '1123', '2127', '1531', '617', '974', '1727', '1849', '2364', '726', '609', '2252', '694', '644', '2380', '2456', '1435', '396', '186', '1313', '1955', '622', '461', '1231', '1469', '1928', '2616', '95', '381', '1408', '1202', '1241', '317', '909', '2353', '2682', '572', '456', '1247', '2633', '946', '322', '1625', '707', '1506', '738', '708', '1175', '931', '2272', '1065', '970', '341', '294', '13', '1739', '1095', '971', '1392', '224', '980', '2419', '2685', '75', '2487', '359', '2092', '1020', '152', '630', '1586', '323', '713', '1818', '506', '1109', '866', '2198', '1349', '1551', '2445', '627', '2615']",228,0.543859649122807
Z213,Fruits & Dietary Items,19,Topic 19: Philippine Halo-Halo Dessert,122,"['900', '441', '990', '1953', '1097', '2566', '2081', '1194', '179', '1988', '1843', '1236', '1190', '1736', '744', '467', '1201', '2316', '620', '2518', '1702', '1370', '2015', '2248', '1694', '584', '2312', '758', '513', '470', '2569', '2201', '142', '1123', '50', '1531', '617', '974', '1727', '1849', '2613', '609', '2252', '504', '694', '1155', '2380', '309', '268', '968', '1435', '186', '1218', '461', '1231', '1469', '2616', '95', '1483', '1408', '1202', '1241', '909', '2169', '2062', '2682', '196', '456', '1247', '634', '2633', '322', '2105', '1625', '707', '1506', '738', '1175', '872', '931', '2272', '1802', '1065', '970', '1420', '2407', '341', '294', '550', '438', '289', '13', '1739', '1095', '650', '1392', '224', '2419', '1504', '75', '2487', '2685', '359', '2092', '630', '323', '713', '917', '890', '1818', '506', '1109', '866', '46', '2198', '429', '1349', '2445', '627', '1009', '1413', '2209']",228,0.5350877192982456
Z29,Ube and Caramel Ice Cream,19,Topic 19: Philippine Halo-Halo Dessert,122,"['441', '1653', '1097', '2117', '615', '1194', '179', '2121', '1843', '1190', '744', '467', '190', '2277', '1201', '2316', '1466', '620', '1702', '1370', '1787', '939', '2248', '1715', '1694', '584', '2312', '2569', '470', '1529', '372', '875', '2536', '1967', '1853', '586', '2055', '142', '1123', '1531', '974', '1849', '2364', '2613', '726', '1046', '1155', '644', '309', '268', '1435', '1218', '1487', '1062', '2306', '622', '1231', '2616', '95', '344', '1408', '1202', '1241', '909', '2169', '2682', '572', '1247', '634', '2633', '946', '1498', '1625', '707', '26', '1506', '738', '708', '1175', '872', '931', '1065', '970', '1420', '2254', '294', '550', '1704', '155', '438', '289', '13', '1739', '1095', '650', '1392', '2419', '1504', '75', '2487', '2685', '1846', '359', '1020', '152', '630', '1586', '323', '713', '917', '1191', '1818', '506', '1109', '1349', '1551', '1997', '2445', '627', '1009', '1413', '2209']",228,0.5350877192982456
Z1193,Conversational English and Accents,1,Topic 1: Learning and Speaking Foreign Language,115,"['427', '36', '273', '2013', '2591', '1376', '428', '2310', '2498', '899', '2439', '1582', '471', '1948', '1897', '1228', '319', '1355', '2653', '1931', '1898', '1658', '1486', '671', '1173', '2382', '2315', '481', '2335', '1621', '346', '538', '1574', '2479', '1986', '520', '215', '1762', '711', '742', '2098', '1467', '1433', '1611', '2522', '2497', '268', '1271', '1747', '2692', '2133', '264', '2477', '265', '123', '2140', '201', '717', '267', '2102', '1246', '1428', '116', '782', '1365', '293', '2575', '1628', '1941', '1541', '683', '2160', '1686', '1256', '2511', '230', '1934', '2330', '2285', '1989', '1443', '2657', '675', '401', '1533', '1562', '551', '1902', '2592', '2588', '991', '2396', '2553', '368', '1538', '2340', '392', '2070', '917', '2122', '2370', '519', '678', '1431', '1514', '1792', '655', '1827', '2408', '1244', '587', '1081', '1881', '2234', '836']",258,0.4457364341085271
Z219,Holiday and Birthday Celebrations,2,Topic 2: Christmas Season & Celebration,113,"['258', '277', '427', '1352', '1992', '2148', '658', '1875', '973', '568', '223', '657', '1432', '2530', '2400', '2439', '1086', '2703', '1797', '620', '926', '2021', '2228', '1012', '2344', '1793', '369', '2249', '35', '357', '200', '1272', '1033', '985', '1584', '2262', '2669', '1161', '2556', '389', '1155', '2359', '5', '2525', '850', '1007', '1817', '873', '2551', '1490', '1559', '1375', '1099', '531', '2080', '1305', '646', '1519', '1202', '2561', '61', '399', '2502', '377', '1268', '2229', '1087', '777', '1037', '478', '959', '149', '1612', '1276', '1545', '23', '296', '47', '1576', '2331', '2511', '1523', '292', '1613', '129', '1359', '270', '218', '2379', '1485', '2213', '1586', '1171', '324', '2538', '2084', '847', '879', '1650', '2390', '134', '1051', '1102', '804', '2437', '529', '1054', '1117', '2402', '1076', '2409', '44', '2404']",205,0.551219512195122
Z153,Ube Ice Cream,19,Topic 19: Philippine Halo-Halo Dessert,98,"['441', '990', '1097', '2117', '615', '1194', '179', '1843', '1190', '744', '467', '190', '2316', '1201', '620', '1638', '1702', '1370', '1787', '939', '2248', '1694', '584', '2312', '2569', '470', '1529', '372', '875', '1967', '586', '142', '1123', '1531', '974', '2364', '1849', '2613', '726', '1046', '1155', '644', '268', '1435', '1487', '1062', '2306', '1231', '2616', '344', '1241', '909', '2682', '572', '1247', '2633', '946', '1498', '1625', '707', '26', '1506', '738', '1175', '931', '1065', '970', '1420', '294', '550', '1704', '155', '438', '289', '1739', '1095', '650', '1392', '1532', '2419', '1504', '2487', '1846', '359', '630', '1586', '152', '917', '323', '1191', '1818', '1349', '1551', '1997', '2445', '627', '1009', '2209']",228,0.5384615384615384
Z228,Crispy and Tasty Fried Dishes,34,Topic 34: Squid,93,"['1696', '1648', '2384', '1653', '1289', '2036', '2566', '568', '1678', '1194', '1557', '234', '1645', '468', '623', '2277', '2206', '183', '1787', '1569', '1606', '2274', '2527', '784', '470', '2573', '1402', '1331', '1045', '1944', '2341', '415', '592', '1384', '1531', '809', '974', '609', '837', '492', '2134', '1235', '1313', '11', '769', '1320', '1928', '1483', '1408', '1241', '2662', '641', '108', '918', '352', '1814', '322', '552', '707', '2071', '41', '1544', '999', '1578', '1308', '1495', '1293', '1613', '341', '1125', '2484', '2651', '1249', '1095', '565', '2494', '2487', '359', '736', '229', '848', '2444', '1895', '323', '1340', '795', '937', '1580', '416', '716', '1068', '348', '455']",130,0.7153846153846154
Z310,Spicy Pork Dishes,34,Topic 34: Squid,90,"['1696', '1648', '2384', '1653', '1289', '2566', '568', '1678', '1194', '1557', '234', '1645', '623', '2277', '380', '2547', '183', '1787', '1972', '1569', '1606', '2156', '2527', '784', '1229', '470', '1402', '914', '1331', '1045', '1944', '2341', '415', '592', '985', '1384', '809', '974', '609', '2177', '252', '837', '492', '2134', '1235', '1313', '371', '11', '769', '1320', '1928', '1483', '754', '1408', '1241', '2662', '641', '108', '352', '322', '1283', '1545', '707', '2071', '41', '1544', '1308', '1293', '1613', '2529', '341', '1125', '2484', '1249', '1095', '2487', '359', '736', '229', '2444', '1895', '323', '1340', '795', '937', '1580', '716', '1068', '348', '455']",130,0.6923076923076923
Z133,Cheese,19,Topic 19: Philippine Halo-Halo Dessert,89,"['990', '1653', '2117', '2081', '179', '2121', '1988', '1236', '744', '467', '190', '2277', '1201', '2316', '620', '2518', '1638', '2248', '1715', '2312', '758', '2569', '470', '1529', '213', '2536', '1967', '1853', '2052', '142', '2127', '974', '609', '504', '1155', '644', '2380', '309', '2456', '268', '1435', '186', '1487', '1062', '622', '1852', '1469', '2303', '728', '1202', '1241', '317', '2169', '2682', '456', '634', '707', '1506', '738', '708', '1175', '2272', '1065', '970', '2254', '294', '155', '438', '289', '13', '980', '2419', '1504', '75', '2487', '1586', '323', '713', '890', '1818', '46', '2198', '1349', '1551', '1342', '2445', '627', '1009', '2209']",228,0.3903508771929824
Z214,Fruits ,19,Topic 19: Philippine Halo-Halo Dessert,84,"['1478', '441', '990', '2566', '2081', '1194', '347', '1030', '1736', '744', '467', '190', '1879', '1201', '1638', '1702', '1370', '651', '584', '513', '470', '372', '213', '2536', '1967', '586', '2055', '2052', '142', '1123', '921', '1145', '974', '1046', '609', '2252', '504', '2380', '309', '817', '2456', '396', '186', '1313', '1062', '1955', '221', '2616', '1408', '1241', '317', '2169', '2682', '572', '2633', '946', '322', '2066', '1506', '400', '1175', '1802', '1065', '970', '1420', '438', '1739', '336', '1095', '650', '1392', '1504', '2487', '1538', '323', '1109', '866', '2198', '1640', '1349', '1342', '627', '1009', '2209']",228,0.3684210526315789
Z157,Restaurant Menu,19,Topic 19: Philippine Halo-Halo Dessert,84,"['1097', '2081', '1194', '179', '2121', '1236', '1190', '1736', '1962', '744', '190', '2277', '2316', '2518', '1638', '2206', '1702', '1370', '1787', '939', '1715', '1694', '2312', '470', '2201', '213', '2536', '1967', '2052', '974', '1727', '2252', '504', '694', '644', '2380', '309', '2456', '1435', '186', '1218', '221', '622', '1231', '95', '344', '754', '728', '909', '634', '2633', '1498', '738', '1813', '708', '1175', '1065', '1420', '341', '550', '289', '1739', '1095', '650', '971', '2419', '75', '2487', '1128', '1020', '152', '630', '1586', '917', '1818', '506', '866', '46', '2198', '429', '1349', '1342', '1997', '1009']",228,0.3684210526315789
Z187,Christmas Season,2,Topic 2: Christmas Season & Celebration,82,"['258', '1992', '1352', '658', '1875', '973', '568', '2560', '223', '657', '774', '1432', '2530', '1086', '2703', '620', '926', '2021', '2228', '2344', '1793', '2249', '35', '357', '1272', '1403', '1584', '1161', '694', '2359', '5', '850', '1817', '873', '425', '2551', '1490', '1559', '1099', '531', '1305', '646', '557', '1202', '61', '267', '2502', '1268', '1087', '777', '1037', '478', '959', '149', '1612', '1276', '23', '47', '1576', '1523', '129', '270', '218', '51', '650', '2061', '2213', '2215', '1171', '324', '2538', '2084', '847', '879', '2390', '2437', '529', '1054', '1117', '2548', '2409', '44']",205,0.7663551401869159
Z236,Spices and Seasonings,34,Topic 34: Squid,82,"['1696', '2384', '1653', '2624', '1289', '2566', '568', '1678', '1194', '945', '1557', '234', '1645', '468', '623', '2277', '2206', '183', '1787', '1972', '1569', '1606', '2156', '195', '2527', '1229', '470', '1402', '1331', '1045', '2341', '415', '592', '985', '809', '974', '609', '2177', '837', '492', '2134', '1235', '1313', '11', '769', '903', '1320', '1928', '754', '1408', '1241', '641', '108', '918', '322', '707', '2071', '41', '1544', '1308', '1495', '1293', '1613', '341', '1125', '2484', '2651', '1249', '1095', '565', '736', '229', '848', '1895', '323', '1340', '795', '1580', '716', '1068', '455', '423']",130,0.6307692307692307
Z1141,Tourist Islands,10,Topic 10: Swimming with Whale Sharks ,82,"['2473', '40', '1047', '944', '391', '2399', '1252', '54', '2574', '100', '1568', '1702', '652', '285', '731', '1094', '1867', '1893', '386', '2684', '1689', '1635', '994', '839', '2356', '7', '1552', '1708', '1968', '1018', '1212', '1747', '968', '1663', '1206', '793', '2054', '496', '606', '205', '1388', '360', '430', '2140', '1930', '232', '1193', '906', '2057', '326', '932', '1721', '1591', '1828', '2053', '1026', '1225', '1267', '1493', '2593', '732', '320', '400', '1343', '2336', '1686', '1977', '2671', '2282', '1176', '2637', '930', '2572', '58', '1705', '917', '519', '1438', '993', '0', '1680', '2618']",110,0.7454545454545455
Z152,Caramel and Cream,19,Topic 19: Philippine Halo-Halo Dessert,81,"['1653', '1097', '1194', '179', '2121', '1988', '744', '467', '190', '2277', '2316', '1466', '620', '2248', '1715', '1694', '2312', '758', '2569', '875', '2536', '1967', '1853', '2055', '1123', '1531', '974', '1727', '1849', '2613', '726', '2252', '694', '644', '309', '1218', '622', '1231', '95', '1408', '1202', '909', '2169', '572', '634', '946', '1506', '738', '708', '1175', '872', '1065', '970', '2254', '294', '155', '438', '13', '1095', '650', '1392', '2419', '1504', '75', '2685', '1020', '152', '630', '1586', '323', '713', '890', '1818', '506', '1109', '46', '1349', '1551', '1997', '1413', '2209']",228,0.3552631578947368
Z313,Spices and Seasonings,34,Topic 34: Squid,80,"['1696', '2384', '1653', '2624', '1289', '2566', '568', '1678', '1194', '1557', '234', '1645', '468', '623', '2277', '2206', '183', '1787', '1972', '1569', '1606', '2156', '195', '1229', '470', '1402', '1331', '1045', '2341', '415', '592', '985', '1384', '809', '974', '609', '2177', '837', '492', '2134', '1235', '1313', '11', '769', '903', '1320', '1928', '754', '1408', '641', '108', '918', '322', '707', '2071', '41', '1544', '1308', '1495', '1293', '1613', '341', '1125', '2484', '2651', '1249', '1095', '565', '736', '229', '848', '1895', '323', '1340', '795', '1580', '716', '1068', '455', '423']",130,0.6153846153846154
Z1133,Crunchy and Flavorful Cakes,19,Topic 19: Philippine Halo-Halo Dessert,79,"['1478', '441', '2566', '2081', '1194', '179', '2121', '744', '467', '190', '1201', '2316', '1702', '1787', '1715', '2312', '1529', '875', '1967', '142', '1123', '1531', '974', '1727', '1849', '609', '504', '694', '2380', '2456', '1435', '186', '1062', '1955', '622', '461', '1469', '1483', '381', '1408', '1202', '1765', '317', '2062', '456', '634', '2633', '1625', '707', '1506', '872', '1065', '970', '1420', '2254', '294', '550', '155', '1739', '1095', '980', '2419', '1504', '75', '2487', '2685', '1020', '152', '323', '713', '890', '866', '46', '1349', '1551', '1997', '2445', '627', '2209']",228,0.3464912280701754
Z28,Mukbang: Cold Treats and Sausage,19,Topic 19: Philippine Halo-Halo Dessert,79,"['441', '2566', '615', '2081', '1194', '179', '2121', '1236', '1190', '744', '467', '190', '1201', '2518', '2206', '1702', '1787', '939', '1715', '1694', '584', '2312', '513', '470', '2201', '213', '1967', '586', '2052', '1849', '2364', '1046', '609', '504', '1155', '2456', '268', '1435', '186', '1218', '1955', '622', '1231', '2616', '95', '754', '1408', '1202', '317', '909', '2062', '196', '1247', '322', '1625', '1506', '738', '872', '931', '1065', '970', '550', '650', '224', '980', '1532', '1504', '2487', '359', '1020', '1586', '323', '1818', '866', '2198', '416', '1349', '2445', '1009']",228,0.3464912280701754
Z27,Cheese Snacks,19,Topic 19: Philippine Halo-Halo Dessert,79,"['990', '2081', '179', '2121', '744', '467', '190', '1201', '2316', '620', '1638', '1702', '2248', '2312', '758', '2569', '470', '213', '1967', '1853', '2052', '142', '1123', '2127', '1849', '609', '504', '1155', '644', '2380', '309', '2456', '268', '1435', '1062', '622', '1852', '1231', '1469', '754', '2303', '728', '1202', '1241', '317', '456', '634', '707', '1506', '1175', '2272', '1065', '970', '294', '155', '438', '289', '13', '2326', '224', '980', '2419', '1504', '75', '2487', '630', '1586', '323', '713', '890', '1818', '46', '2198', '1349', '1551', '2445', '627', '1009', '2209']",228,0.3464912280701754
Z217,Swimming and Diving with Sea Creatures,10,Topic 10: Swimming with Whale Sharks ,78,"['387', '2473', '40', '1047', '2634', '944', '391', '2399', '1252', '54', '2574', '2426', '100', '1702', '652', '285', '2570', '2382', '1094', '1867', '1893', '386', '1635', '994', '2356', '1552', '1708', '1968', '1018', '1212', '1747', '968', '1663', '1206', '793', '2031', '496', '2054', '2632', '2449', '606', '205', '1388', '314', '360', '430', '2140', '1930', '49', '232', '1193', '906', '326', '932', '1591', '1828', '2053', '1026', '1225', '1267', '1493', '2593', '320', '400', '1343', '2336', '1686', '2367', '1977', '2398', '2282', '1176', '930', '917', '993', '0', '1680', '2618']",110,0.7090909090909091
Z1142,Beaches,10,Topic 10: Swimming with Whale Sharks ,75,"['606', '205', '2473', '1388', '40', '2618', '2634', '314', '65', '2282', '1700', '1176', '360', '430', '386', '2684', '930', '944', '2140', '391', '1689', '1635', '2399', '49', '1193', '906', '2057', '994', '326', '54', '1705', '2574', '932', '1721', '2356', '1591', '1828', '7', '917', '100', '1552', '519', '2053', '1438', '1977', '993', '2031', '1568', '1708', '1702', '1026', '1225', '1968', '1267', '1493', '2593', '1018', '652', '0', '1212', '320', '285', '1747', '968', '400', '1343', '1663', '1206', '2336', '1680', '2382', '793', '2054', '496', '1094']",110,0.6818181818181818
Z234,Tourist Islands and Beaches,10,Topic 10: Swimming with Whale Sharks ,75,"['606', '205', '2473', '1388', '40', '2618', '1047', '2282', '1176', '1893', '360', '386', '2684', '430', '930', '944', '2140', '391', '1689', '1635', '2399', '232', '1193', '906', '1252', '2057', '994', '839', '326', '54', '1705', '2574', '932', '1721', '2356', '1591', '1828', '7', '917', '100', '1552', '519', '2053', '1438', '1977', '993', '1568', '1708', '1702', '1026', '1225', '1968', '1267', '1493', '2593', '1018', '652', '0', '1212', '320', '285', '1747', '968', '400', '1343', '1663', '1206', '2336', '1686', '1680', '2382', '793', '2054', '496', '1094']",110,0.6818181818181818
Z1128,Vinegar Sauce,34,Topic 34: Squid,75,"['470', '2573', '371', '1308', '1613', '2529', '341', '1125', '1331', '1653', '1045', '1289', '11', '2566', '1944', '769', '2484', '1678', '568', '1320', '415', '1928', '1194', '1483', '1095', '1557', '234', '1408', '256', '985', '1384', '468', '1241', '2487', '736', '623', '809', '641', '229', '974', '2277', '1895', '323', '795', '108', '352', '609', '1814', '937', '380', '322', '1283', '1580', '2547', '2177', '183', '1545', '707', '837', '716', '1972', '492', '1569', '2071', '41', '2134', '1676', '1068', '2156', '2414', '1313', '348', '2527', '455', '1229']",130,0.5769230769230769
Z165,Boat Tour,10,Topic 10: Swimming with Whale Sharks ,74,"['606', '205', '2473', '2398', '2666', '1047', '2282', '65', '1176', '1893', '360', '430', '2684', '2637', '930', '225', '2140', '391', '1635', '2399', '49', '2572', '1193', '906', '1252', '2057', '994', '839', '326', '54', '1705', '2574', '932', '1721', '2356', '1591', '1828', '7', '2426', '100', '1552', '519', '1438', '1977', '1568', '1708', '1702', '1026', '1225', '1968', '1267', '1493', '2593', '732', '652', '1385', '0', '1212', '2402', '285', '1343', '968', '2336', '2223', '1206', '1686', '2367', '1680', '731', '1083', '793', '2054', '496', '2671']",110,0.6727272727272727
Z124,Road Trip,10,Topic 10: Swimming with Whale Sharks ,74,"['387', '606', '205', '2473', '1388', '2398', '2010', '40', '2666', '1867', '1047', '2634', '314', '2282', '1176', '360', '430', '2637', '2684', '930', '72', '2140', '391', '1635', '1930', '232', '2572', '1193', '906', '1252', '994', '839', '54', '2574', '932', '1721', '2356', '1591', '917', '100', '1552', '519', '2053', '1438', '2031', '1568', '1708', '1702', '1026', '1225', '1968', '1267', '1493', '2593', '1018', '732', '0', '1212', '320', '285', '400', '1343', '2336', '1663', '1206', '1686', '1680', '731', '1083', '793', '2054', '2632', '2671', '2618']",110,0.6727272727272727
Z186,"December Festivities: Birthdays, Gifts, and Santa",2,Topic 2: Christmas Season & Celebration,74,"['369', '1099', '277', '427', '2378', '2148', '35', '129', '44', '200', '1305', '658', '270', '973', '568', '1033', '1476', '218', '646', '601', '535', '557', '2409', '657', '1519', '985', '2561', '2530', '2400', '2439', '1086', '1584', '61', '729', '2669', '399', '168', '1586', '1161', '2703', '324', '1797', '1268', '2538', '1087', '1037', '478', '879', '620', '926', '2556', '1650', '694', '19', '2021', '2359', '5', '1102', '149', '1612', '1631', '1276', '2437', '529', '1007', '1817', '873', '2344', '1490', '1576', '237', '1523', '1375', '292']",205,0.3609756097560975
Z1127,Fried Food,34,Topic 34: Squid,73,"['1293', '470', '1613', '341', '1125', '1578', '2384', '1331', '1045', '1289', '2484', '2036', '2566', '2341', '2651', '568', '1678', '415', '1249', '1928', '1194', '1095', '1557', '234', '1408', '565', '1645', '1384', '2494', '1241', '2487', '2662', '359', '1531', '623', '641', '736', '229', '974', '2277', '2444', '323', '1340', '108', '918', '352', '609', '795', '1814', '937', '1580', '552', '183', '1787', '416', '837', '716', '1068', '492', '1569', '2071', '1606', '2134', '1235', '41', '1313', '348', '2527', '999', '455', '784', '1308', '1495']",130,0.5615384615384615
Z149,Baguio Strawberries,19,Topic 19: Philippine Halo-Halo Dessert,73,"['1065', '1478', '470', '2201', '970', '2407', '294', '441', '213', '990', '1653', '622', '155', '438', '1967', '1928', '1194', '2052', '2121', '142', '2616', '95', '1123', '971', '1392', '2615', '1190', '1962', '1202', '1532', '1241', '744', '317', '1846', '909', '2169', '359', '2062', '2682', '2508', '190', '196', '1020', '1586', '1849', '2364', '456', '2316', '1046', '323', '1466', '1247', '1818', '620', '1638', '1155', '1109', '1702', '1498', '866', '309', '817', '1349', '268', '1551', '939', '1175', '931', '627', '1009', '2272', '2312', '758']",228,0.3201754385964912
Z146,Candy Mukbang,19,Topic 19: Philippine Halo-Halo Dessert,73,"['513', '470', '2569', '1065', '1420', '550', '441', '213', '990', '622', '1852', '155', '2566', '1231', '2081', '586', '2055', '1469', '179', '2121', '142', '1739', '1095', '1123', '344', '1030', '1736', '1190', '1202', '1145', '75', '744', '2487', '909', '2169', '359', '190', '630', '1849', '2277', '2447', '1201', '2316', '323', '713', '1191', '609', '634', '1818', '620', '694', '946', '1638', '2206', '644', '1625', '46', '2198', '707', '2456', '268', '738', '1551', '396', '1175', '2445', '186', '1715', '627', '1694', '2312', '758', '2209']",228,0.3201754385964912
Z196,Music and Singing,47,Topic 47: Singing and Dancing Stars,72,"['1035', '491', '2452', '808', '426', '1288', '1208', '2040', '2025', '1621', '18', '169', '538', '1151', '1243', '1417', '1356', '1134', '315', '1886', '132', '248', '92', '988', '1446', '206', '575', '2073', '1164', '607', '645', '1958', '2305', '1872', '2504', '2136', '2644', '1268', '2468', '1281', '940', '2643', '1946', '490', '2369', '1425', '2042', '1263', '498', '2266', '98', '2217', '961', '1473', '2525', '1003', '1029', '1115', '889', '1285', '2218', '479', '1749', '356', '203', '1918', '25', '1242', '1637', '2476', '2152', '481']",99,0.7272727272727273
Z312,Philippine Beach Tourism,10,Topic 10: Swimming with Whale Sharks ,72,"['606', '205', '2473', '1388', '40', '2618', '2634', '2282', '1176', '1893', '360', '386', '2684', '430', '930', '944', '2140', '391', '1689', '1635', '2399', '2572', '1193', '906', '2057', '994', '326', '54', '2574', '932', '1721', '2356', '1591', '1828', '7', '917', '100', '1552', '519', '2053', '1438', '1977', '993', '2031', '1568', '1708', '1702', '1026', '1225', '1968', '1267', '1493', '2593', '1018', '652', '0', '1212', '320', '285', '1747', '968', '400', '1343', '1663', '1206', '2336', '1680', '731', '2382', '2054', '496', '1094']",110,0.6545454545454545
Z1135,Eggs and Breakfast,13,Topic 13: Balut and other Eggs,72,"['2569', '1613', '1955', '900', '1648', '970', '2407', '778', '888', '813', '2230', '397', '2207', '1376', '1295', '547', '139', '2383', '1194', '95', '243', '1085', '1739', '344', '1971', '657', '2291', '1408', '1755', '1202', '984', '1391', '1567', '797', '1241', '447', '537', '718', '2669', '637', '2062', '2635', '2109', '641', '204', '1481', '1895', '1111', '1084', '595', '2048', '211', '1361', '10', '440', '1480', '1493', '1612', '1554', '2408', '868', '829', '1113', '1606', '2035', '1932', '1910', '627', '1711', '237', '1063', '521']",94,0.7659574468085106
Z230,Pork and Beef Soup Dishes,34,Topic 34: Squid,72,"['1293', '470', '2573', '371', '1613', '2529', '1125', '914', '2384', '1331', '1653', '1045', '1289', '11', '2566', '1944', '769', '2341', '568', '1678', '1320', '1928', '1194', '1095', '754', '1557', '234', '1408', '985', '565', '1384', '1241', '2487', '2662', '359', '736', '623', '809', '641', '229', '848', '974', '2277', '2444', '1895', '323', '108', '795', '352', '609', '1814', '937', '1580', '322', '183', '1545', '1787', '252', '837', '716', '2071', '1569', '1606', '41', '1235', '1544', '2156', '1313', '348', '2527', '455', '784']",130,0.5538461538461539
Z169,Snacks and Light Meals,19,Topic 19: Philippine Halo-Halo Dessert,71,"['2569', '470', '513', '1065', '294', '550', '441', '990', '622', '1967', '289', '1231', '2081', '1194', '179', '1483', '1988', '95', '1123', '1392', '1843', '224', '1236', '1190', '1408', '1202', '2685', '1504', '1241', '2487', '2419', '1846', '909', '2169', '359', '196', '974', '1727', '323', '1201', '2316', '713', '917', '1466', '609', '1191', '634', '1818', '620', '2633', '2518', '1702', '644', '866', '1370', '1625', '2198', '309', '707', '1349', '1506', '268', '738', '396', '2248', '2445', '931', '1218', '627', '758', '2209']",228,0.3364928909952606
Z37,Music and Singing,47,Topic 47: Singing and Dancing Stars,70,"['1035', '491', '2452', '808', '426', '1288', '1208', '2040', '2025', '1621', '169', '538', '1151', '1243', '1417', '1356', '315', '1886', '132', '248', '92', '988', '1446', '206', '575', '2073', '1164', '607', '645', '1958', '2305', '1872', '2504', '2136', '2644', '1268', '2468', '1281', '940', '2643', '1946', '490', '2369', '1425', '2042', '1263', '498', '2266', '98', '2217', '961', '1473', '2525', '1003', '1029', '1115', '889', '1285', '2218', '479', '1749', '356', '203', '1918', '25', '1242', '1637', '2476', '2152', '481']",99,0.7070707070707071
Z222,Music and Singing,47,Topic 47: Singing and Dancing Stars,70,"['1035', '491', '2452', '808', '426', '1288', '1208', '2040', '2025', '1621', '169', '538', '1151', '1243', '1417', '1356', '315', '1886', '132', '248', '92', '988', '1446', '206', '575', '2073', '1164', '607', '645', '1958', '2305', '1872', '2504', '2136', '2644', '1268', '2468', '1281', '940', '2643', '1946', '490', '2369', '1425', '2042', '1263', '498', '2266', '98', '2217', '961', '1473', '2525', '1003', '1029', '1115', '889', '1285', '2218', '479', '1749', '356', '203', '1918', '25', '1242', '1637', '2476', '2152', '481']",99,0.7070707070707071
Z231,"Filipino Breakfasts: Pancit, Balut, and More",13,Topic 13: Balut and other Eggs,70,"['2569', '1613', '1955', '900', '1648', '970', '2407', '778', '888', '813', '2230', '397', '2207', '1376', '1295', '547', '139', '2383', '1194', '95', '243', '1085', '1739', '344', '1971', '2291', '1408', '1755', '1202', '984', '1391', '1567', '797', '1241', '537', '718', '2669', '637', '2062', '2635', '2109', '641', '204', '1481', '1895', '1111', '1084', '595', '2048', '211', '1361', '10', '440', '1480', '1493', '1612', '1554', '2408', '868', '829', '1113', '1606', '2035', '1932', '1910', '627', '1711', '237', '1063', '521']",94,0.7446808510638298
Z1147,Seasoning,34,Topic 34: Squid,68,"['1293', '470', '2573', '1613', '1402', '341', '2384', '1331', '1653', '1045', '1289', '11', '2036', '769', '2484', '2341', '1699', '568', '1678', '903', '2651', '415', '1249', '1928', '1095', '1664', '592', '1557', '234', '1408', '256', '1645', '985', '468', '565', '1241', '1531', '623', '809', '641', '229', '848', '974', '1895', '1340', '795', '609', '380', '322', '1580', '2177', '183', '1787', '252', '837', '716', '1068', '492', '1569', '2071', '1606', '2134', '41', '2156', '1313', '348', '195', '1308']",130,0.5230769230769231
Z1100,Coffee,26,Topic 26: Local Coffee and Coffee Shops,67,"['2569', '1041', '2517', '39', '2702', '145', '2226', '2531', '1331', '1677', '2230', '1097', '2328', '287', '1829', '107', '2478', '556', '2488', '1093', '548', '72', '1512', '789', '1134', '1049', '1755', '751', '176', '934', '1316', '299', '1855', '45', '2635', '1721', '848', '1201', '755', '2016', '1069', '851', '2552', '389', '690', '1774', '2138', '1942', '1109', '1513', '1335', '838', '331', '1506', '2510', '263', '1868', '2161', '1686', '2646', '1235', '1544', '931', '431', '893', '2482', '2667']",87,0.7701149425287356
Z229,Spicy Food/Sauce,34,Topic 34: Squid,67,"['1696', '2573', '1613', '371', '1402', '341', '1125', '1331', '1653', '1045', '11', '2484', '2566', '1944', '769', '568', '1320', '415', '1928', '1194', '1095', '754', '1557', '234', '1408', '256', '985', '1384', '468', '1241', '2487', '736', '623', '809', '641', '229', '974', '2277', '1895', '323', '795', '108', '352', '609', '1814', '1580', '322', '2206', '2547', '2177', '183', '1545', '707', '837', '716', '1972', '492', '1569', '2071', '41', '2134', '1676', '1068', '1544', '2156', '455', '1229']",130,0.5153846153846153
Z34,Adventure Tours and Boat Exploration in Cebu,10,Topic 10: Swimming with Whale Sharks ,66,"['606', '205', '2473', '2398', '2010', '2666', '1047', '2282', '1176', '1893', '360', '430', '2637', '930', '944', '2140', '391', '1635', '2399', '2572', '1193', '906', '1252', '2057', '994', '839', '326', '2574', '932', '1721', '2356', '1591', '1828', '7', '2426', '100', '1552', '917', '519', '1438', '1977', '993', '1568', '1708', '1702', '1026', '1225', '1968', '1493', '2593', '1385', '0', '652', '1212', '320', '285', '1343', '968', '1686', '1206', '2367', '1680', '731', '793', '496', '2671']",110,0.6
Z140,Filipino Desserts: Halo-Halo and Leche Flan,19,Topic 19: Philippine Halo-Halo Dessert,65,"['1065', '970', '1420', '2306', '550', '875', '461', '2566', '586', '2616', '179', '2052', '95', '381', '217', '1843', '754', '1236', '1190', '1962', '1408', '224', '980', '2685', '1504', '744', '250', '2487', '909', '1128', '190', '196', '1020', '572', '152', '974', '2364', '323', '1201', '2613', '1046', '1818', '620', '504', '2518', '946', '1702', '2380', '866', '1370', '1625', '1787', '1349', '1506', '268', '738', '400', '1435', '1813', '1997', '872', '1218', '1715', '584', '2312']",228,0.3513513513513513
Z181,Swimming,10,Topic 10: Swimming with Whale Sharks ,65,"['2449', '606', '205', '2473', '1388', '2398', '40', '2666', '2618', '2634', '314', '2282', '1176', '1893', '360', '386', '2637', '930', '2140', '391', '1635', '1930', '2399', '49', '232', '1193', '1252', '2057', '326', '54', '2574', '932', '2356', '1591', '1828', '2426', '100', '1552', '2053', '1977', '1026', '1702', '1225', '1493', '1968', '2593', '732', '0', '652', '1212', '320', '1747', '968', '400', '1343', '1663', '1206', '1686', '2367', '1680', '2382', '793', '2054', '496', '1094']",110,0.5909090909090909
Z212,Sunset Boat Tours ,10,Topic 10: Swimming with Whale Sharks ,64,"['606', '205', '2473', '2398', '2010', '1047', '314', '2282', '1176', '1893', '360', '430', '2637', '930', '944', '2140', '391', '1689', '1635', '2399', '1193', '906', '1252', '2057', '994', '839', '326', '2574', '932', '1721', '2356', '1591', '1828', '7', '2426', '100', '1552', '519', '1438', '1977', '993', '1568', '1708', '1702', '1026', '1225', '1968', '1493', '2593', '1385', '0', '1212', '285', '1343', '968', '1686', '1206', '2367', '1680', '731', '1083', '793', '496', '2671']",110,0.5818181818181818
Z36,"Residential Features: Pool, Bedrooms, and Bathrooms",10,Topic 10: Swimming with Whale Sharks ,61,"['387', '2449', '606', '205', '2473', '1388', '2398', '40', '2666', '1867', '2618', '2634', '2282', '1176', '1893', '360', '386', '2637', '930', '2140', '391', '1635', '2399', '49', '232', '1193', '1252', '994', '326', '54', '932', '1591', '1828', '2426', '100', '1552', '2053', '1977', '993', '1708', '1702', '1026', '1225', '1968', '1493', '2593', '732', '0', '652', '1212', '320', '400', '1663', '1206', '2367', '1680', '2570', '793', '2054', '496', '1094']",110,0.5545454545454546
Z221,Seafood Rice Dish,34,Topic 34: Squid,61,"['470', '2573', '1613', '1648', '1402', '2529', '341', '1125', '2384', '1331', '1653', '2484', '11', '2036', '2566', '1699', '2651', '1678', '1320', '1095', '1194', '2264', '945', '1557', '234', '985', '1241', '2662', '839', '359', '809', '423', '974', '2444', '1895', '323', '1340', '108', '918', '609', '1814', '937', '1580', '1283', '2177', '1787', '707', '416', '837', '716', '1972', '1569', '41', '1676', '1544', '2156', '348', '195', '455', '1578', '1495']",130,0.4692307692307692
Z138,Hard to Categorize / Seems Useless,19,Topic 19: Philippine Halo-Halo Dessert,60,"['2569', '1065', '2201', '221', '2254', '441', '622', '155', '1413', '1967', '615', '13', '1928', '1194', '95', '1095', '347', '142', '1123', '344', '1392', '2615', '1408', '1202', '1145', '250', '1846', '359', '1531', '190', '152', '1727', '323', '1201', '2613', '2252', '504', '694', '946', '506', '1638', '1109', '1702', '1498', '2198', '707', '1349', '1813', '400', '1435', '708', '1175', '2248', '1342', '186', '1218', '627', '1487', '758', '1802']",228,0.2631578947368421
Z180,Sea Diving,10,Topic 10: Swimming with Whale Sharks ,58,"['387', '2449', '606', '205', '2473', '1388', '2618', '1867', '1047', '2282', '1176', '360', '430', '386', '2684', '930', '944', '391', '496', '232', '1193', '906', '1252', '994', '839', '326', '54', '1705', '2574', '932', '1591', '1828', '917', '100', '2053', '993', '2031', '1708', '1702', '1026', '1225', '1968', '2593', '0', '1018', '320', '285', '400', '1343', '2336', '1663', '1206', '1680', '2570', '793', '2054', '2632', '1094']",110,0.5272727272727272
Z1146,Spices and Seasonings,34,Topic 34: Squid,58,"['470', '1308', '1613', '1125', '1331', '1653', '1045', '1289', '11', '2484', '769', '2341', '2651', '903', '1320', '415', '1249', '1928', '1194', '1095', '592', '945', '1557', '234', '1408', '985', '565', '468', '1241', '736', '623', '809', '641', '229', '1895', '323', '1340', '108', '609', '1580', '322', '2177', '183', '707', '837', '716', '1972', '492', '2071', '1606', '2134', '1235', '41', '195', '2527', '455', '423', '1229']",130,0.4461538461538462
Z1145,Sautaeing Aromatics,34,Topic 34: Squid,57,"['1696', '470', '1293', '1613', '341', '1125', '2384', '1331', '1653', '1045', '2624', '1289', '2566', '11', '2484', '2341', '2651', '1678', '903', '1320', '415', '1095', '1194', '592', '1408', '565', '985', '1645', '468', '623', '641', '229', '848', '2277', '323', '1340', '918', '609', '1580', '2177', '183', '1787', '837', '1068', '492', '1569', '2071', '41', '2134', '1235', '1544', '2156', '1313', '195', '423', '1308', '1495']",130,0.4384615384615384
Z193,Fish,10,Topic 10: Swimming with Whale Sharks ,56,"['387', '205', '2473', '2398', '40', '1047', '314', '65', '1700', '1176', '1893', '430', '386', '2684', '2637', '930', '2140', '391', '1689', '859', '49', '906', '1252', '994', '839', '932', '2356', '1591', '1828', '917', '100', '1552', '519', '993', '1708', '1702', '1026', '1225', '1968', '1267', '1493', '2593', '732', '1385', '0', '1212', '285', '400', '968', '1343', '2367', '1680', '793', '2054', '1977', '2618']",110,0.509090909090909
Z1136,Pancit,19,Topic 19: Philippine Halo-Halo Dessert,56,"['1065', '470', '970', '221', '622', '461', '397', '1097', '2566', '615', '2081', '1739', '2052', '1483', '142', '971', '381', '1030', '224', '1236', '1408', '1202', '1765', '980', '2685', '744', '250', '317', '909', '2353', '2487', '1128', '359', '190', '152', '974', '1727', '323', '1201', '917', '2252', '835', '1818', '1638', '1702', '866', '1625', '2198', '817', '939', '1175', '1342', '2445', '627', '1715', '2209']",228,0.2679425837320574
Z134,Juicy and Cheesy Snack Treats,19,Topic 19: Philippine Halo-Halo Dessert,56,"['1065', '1955', '2407', '294', '441', '213', '990', '622', '155', '2566', '1967', '289', '615', '1469', '2052', '179', '1123', '1236', '1202', '980', '2419', '1504', '1241', '744', '190', '1020', '152', '974', '323', '713', '609', '634', '694', '2518', '1638', '1155', '2206', '1702', '644', '2198', '707', '2456', '1349', '1506', '738', '1813', '1551', '1435', '708', '1175', '2248', '186', '627', '1009', '2272', '2209']",228,0.3708609271523179
Z1163,Gaming,120,Topic 120: Winning Games and Excitement ,55,"['1172', '2542', '277', '1035', '1515', '2318', '871', '2422', '1053', '314', '1726', '1621', '74', '1969', '734', '2125', '688', '578', '1347', '797', '1759', '1423', '2662', '771', '2558', '2333', '2446', '1228', '2394', '2447', '983', '749', '1652', '2278', '2138', '259', '1283', '1362', '870', '954', '2141', '1693', '376', '1625', '208', '1389', '587', '2090', '2414', '1999', '2382', '885', '2046', '608', '2289']",82,0.6707317073170732
Z155,Spaghetti and Hotdog Meal,19,Topic 19: Philippine Halo-Halo Dessert,54,"['1065', '970', '221', '213', '990', '397', '438', '2566', '1967', '615', '2081', '586', '2052', '2121', '95', '1483', '971', '1030', '1512', '1408', '1202', '1145', '250', '317', '190', '196', '1879', '974', '323', '2316', '917', '2252', '620', '504', '1638', '1702', '1370', '2198', '817', '2456', '1349', '738', '651', '708', '396', '2015', '1175', '2248', '1342', '186', '1715', '1218', '1009', '2209']",228,0.2872340425531915
Z1131,Types of Meat,34,Topic 34: Squid,53,"['1293', '470', '1613', '371', '2529', '1125', '914', '2384', '1331', '1289', '11', '769', '2341', '568', '1928', '1194', '1095', '1557', '234', '1408', '985', '1384', '1241', '2487', '2662', '359', '736', '809', '623', '641', '848', '2444', '2277', '1895', '323', '795', '108', '1580', '322', '1545', '1787', '252', '837', '716', '1569', '41', '1235', '1544', '1313', '348', '2527', '455', '784']",130,0.4076923076923077
Z197,Music and Singing,47,Topic 47: Singing and Dancing Stars,52,"['1035', '491', '1288', '2025', '1621', '169', '538', '1151', '1243', '1417', '1356', '315', '1886', '132', '248', '92', '988', '1446', '206', '575', '2073', '1164', '645', '1958', '2504', '2136', '2468', '2644', '1281', '2643', '1946', '490', '2369', '1425', '2042', '98', '961', '1473', '1029', '1115', '889', '1285', '2218', '479', '1749', '356', '203', '1918', '1242', '1637', '2476', '2152']",99,0.5252525252525253
Z1130,Lumpi and Soup Dishes,19,Topic 19: Philippine Halo-Halo Dessert,50,"['970', '900', '622', '1653', '461', '397', '2536', '615', '13', '1739', '1194', '179', '1988', '142', '1123', '754', '1843', '1236', '1190', '1408', '1532', '1504', '1241', '744', '250', '317', '909', '2645', '2487', '2682', '359', '190', '152', '974', '917', '1201', '2316', '713', '609', '504', '2633', '1702', '2380', '1812', '268', '738', '931', '872', '627', '758']",228,0.3472222222222222
Z248,Influence of Spanish and American Occupation,14,Topic 14: Spanish Colonialism in the Philippines,49,"['1870', '2247', '154', '1710', '94', '1502', '200', '941', '81', '862', '1940', '2211', '2554', '2383', '265', '2185', '72', '123', '578', '1900', '1689', '1135', '93', '1979', '2498', '232', '1691', '1933', '2147', '1695', '116', '869', '917', '1467', '1355', '2308', '1462', '1409', '1767', '1541', '2408', '850', '2069', '884', '2178', '1680', '1329', '1366', '2274']",55,0.8909090909090909
Z141,Kitchenware and Utensils,19,Topic 19: Philippine Halo-Halo Dessert,49,"['513', '1478', '1955', '1065', '2407', '341', '622', '438', '2536', '1231', '615', '586', '2616', '1194', '2052', '179', '2121', '95', '381', '921', '1843', '1736', '1190', '2487', '1128', '909', '190', '1586', '974', '323', '609', '835', '504', '2633', '946', '866', '1625', '1787', '416', '2066', '1349', '738', '1175', '931', '186', '1218', '1694', '584', '1413']",228,0.2707182320441988
Z1202,Spain and Spanish Culture,14,Topic 14: Spanish Colonialism in the Philippines,49,"['1870', '2247', '154', '1710', '94', '1502', '200', '941', '81', '862', '1940', '2211', '2554', '604', '265', '2185', '72', '123', '578', '1900', '1689', '1135', '93', '1979', '2498', '232', '1691', '1933', '2147', '246', '1695', '116', '869', '917', '1467', '1355', '2308', '1462', '1409', '1767', '1541', '2408', '850', '2069', '2178', '1680', '1329', '1366', '2274']",55,0.8909090909090909
Z166,Sunset Viewpoints Guide,10,Topic 10: Swimming with Whale Sharks ,48,"['606', '1388', '2473', '2010', '1867', '314', '2282', '1176', '360', '944', '391', '1689', '1635', '1193', '906', '1252', '2057', '839', '2574', '932', '1591', '1828', '7', '2426', '100', '1552', '917', '2053', '1438', '1977', '993', '1708', '1702', '1026', '1225', '1968', '1493', '2593', '0', '320', '1343', '968', '1663', '1686', '2367', '793', '496', '2671']",110,0.4363636363636363
Z223,Coffee and Shopping,26,Topic 26: Local Coffee and Coffee Shops,47,"['2569', '39', '2517', '2702', '2531', '2328', '287', '2478', '1093', '2488', '548', '72', '1512', '789', '1134', '1049', '1755', '1408', '751', '176', '934', '1316', '2487', '2635', '1721', '1201', '1069', '851', '389', '690', '1774', '1942', '1513', '1335', '838', '331', '1506', '263', '2646', '1868', '1686', '1235', '2350', '431', '893', '2482', '2667']",87,0.5402298850574713
Z317,Philippine History: Spanish Occupation and War,14,Topic 14: Spanish Colonialism in the Philippines,47,"['1870', '2247', '154', '1710', '94', '1502', '200', '941', '81', '862', '1940', '2211', '2554', '265', '2185', '1900', '123', '578', '1689', '1135', '93', '1979', '2498', '232', '1691', '1933', '2147', '246', '1695', '116', '869', '917', '1467', '1355', '2308', '1462', '1409', '1767', '1541', '2408', '2069', '884', '2178', '1680', '1329', '1366', '2274']",55,0.8545454545454545
Z150,Italian and French-Inspired Meat Sandwiches,19,Topic 19: Philippine Halo-Halo Dessert,46,"['1065', '470', '221', '1529', '294', '441', '213', '397', '2536', '1967', '586', '2081', '2052', '2121', '1988', '142', '650', '971', '1030', '1736', '728', '1202', '1145', '359', '190', '1201', '2316', '609', '2252', '504', '2518', '322', '1638', '644', '2380', '2198', '2456', '1349', '1175', '2248', '1342', '2445', '186', '1009', '758', '2209']",228,0.3333333333333333
Z21,OPM Vocal Performances and Karaoke on TikTok,47,Topic 47: Singing and Dancing Stars,45,"['1035', '426', '1288', '2040', '2025', '1621', '169', '538', '1151', '315', '132', '92', '988', '1446', '206', '575', '2073', '645', '1958', '2305', '2504', '2468', '2644', '1281', '2643', '1946', '490', '2369', '1425', '98', '2217', '961', '1473', '1029', '1115', '889', '1285', '2218', '1749', '356', '1918', '1242', '1637', '2476', '2152']",99,0.4545454545454545
Z26,Mountain River Transportation,10,Topic 10: Swimming with Whale Sharks ,45,"['387', '606', '205', '2473', '1388', '2010', '40', '1176', '360', '430', '386', '72', '2140', '1689', '1635', '1930', '1193', '906', '1252', '994', '839', '326', '54', '2574', '932', '1591', '1828', '7', '100', '1552', '2053', '1438', '1568', '1702', '1225', '2593', '0', '1212', '320', '285', '1663', '2367', '793', '496', '2671']",110,0.4090909090909091
Z1134,Balut,13,Topic 13: Balut and other Eggs,44,"['1955', '970', '1648', '2407', '813', '1376', '1295', '547', '1085', '243', '344', '2291', '1755', '1202', '984', '797', '1567', '1241', '537', '2062', '637', '2635', '2109', '1586', '204', '1895', '1111', '595', '211', '2497', '1361', '506', '440', '1480', '1493', '1612', '2408', '868', '14', '2035', '627', '1910', '1711', '237']",94,0.4680851063829787
Z1157,Romantic Relationships,8,Topic 8: Philippines’ Dating & Relationship of Females,43,"['276', '174', '1099', '480', '555', '1273', '675', '1274', '2040', '1626', '2111', '532', '1716', '1074', '1170', '2310', '361', '765', '2004', '760', '1391', '1169', '1671', '915', '230', '353', '1828', '444', '960', '2240', '2138', '2670', '1018', '1456', '563', '433', '1747', '185', '30', '1451', '951', '2031', '1636']",98,0.4387755102040816
Z1203,Historical battles,14,Topic 14: Spanish Colonialism in the Philippines,41,"['1870', '2247', '154', '1710', '94', '941', '81', '862', '1940', '2211', '2554', '604', '2383', '265', '2185', '1900', '123', '578', '1689', '1135', '93', '232', '1691', '1933', '1695', '116', '869', '917', '1467', '1355', '2308', '477', '1409', '1767', '1541', '2408', '2069', '884', '2178', '1680', '1329']",55,0.7454545454545455
Z148,Baking Ingredients and Process,19,Topic 19: Philippine Halo-Halo Dessert,41,"['1065', '550', '441', '622', '1653', '2566', '1469', '179', '2121', '1988', '95', '381', '1236', '1408', '468', '2419', '1504', '744', '317', '2353', '467', '1531', '617', '1849', '456', '1818', '694', '2518', '506', '1155', '2380', '1625', '1349', '1506', '2015', '1342', '1997', '627', '1313', '584', '758']",228,0.2029702970297029
Z182,Whale Sharks and Tropical Wonders,10,Topic 10: Swimming with Whale Sharks ,41,"['205', '2473', '1388', '1176', '930', '386', '2684', '1689', '1635', '1930', '232', '1252', '2574', '932', '2356', '1591', '1828', '917', '100', '1552', '519', '2053', '1977', '993', '1568', '1026', '1702', '1267', '2593', '1968', '0', '652', '320', '400', '1663', '1206', '2382', '793', '2054', '2632', '1094']",110,0.3727272727272727
Z237,Pinoy-Planet: Pork Specialities,34,Topic 34: Squid,41,"['1696', '1293', '1613', '2529', '1402', '1125', '1653', '1045', '1289', '11', '2484', '2341', '2651', '903', '415', '1928', '1095', '592', '234', '565', '985', '1645', '2494', '468', '1531', '623', '641', '229', '848', '1895', '323', '918', '322', '2177', '183', '837', '492', '1606', '2134', '1313', '1308']",130,0.3153846153846154
Z315,Basketball Competition,120,Topic 120: Winning Games and Excitement ,40,"['2542', '277', '1035', '1515', '2318', '871', '1053', '1621', '1386', '734', '2125', '1347', '1759', '771', '1688', '2558', '2333', '1228', '2394', '2447', '983', '749', '2138', '1283', '870', '954', '2141', '1693', '376', '1625', '1389', '2467', '587', '2090', '1488', '2414', '1999', '2382', '2046', '885']",82,0.4878048780487805
Z167,Fruits & Vegetables,89,Topic 89: Mango Fruit,40,"['369', '1186', '441', '2526', '1915', '438', '2065', '1034', '2055', '453', '1207', '822', '789', '992', '985', '229', '699', '62', '422', '2661', '937', '2411', '10', '134', '380', '1091', '1728', '501', '437', '1106', '1380', '1054', '684', '1964', '1158', '475', '1676', '1490', '2272', '2354']",63,0.6349206349206349
Z235,Tourism and Kayaking in Palawan and Boracay,10,Topic 10: Swimming with Whale Sharks ,40,"['606', '205', '2473', '2282', '1176', '1893', '930', '2684', '944', '2140', '391', '1635', '1193', '2057', '2574', '932', '1721', '2356', '1591', '1828', '7', '917', '1552', '519', '1438', '1977', '993', '1568', '1702', '1493', '2593', '1968', '0', '1212', '400', '968', '1680', '2382', '2031', '496']",110,0.3636363636363636
Z111,Hard to Categorize / Seems Useless,21,Topic 21: Banaue Rice Terraces,40,"['840', '1763', '2037', '2226', '2503', '2666', '461', '1502', '2154', '103', '611', '1154', '289', '177', '307', '1518', '1900', '95', '578', '2176', '1979', '2498', '1468', '934', '1073', '932', '2356', '1591', '869', '917', '519', '1355', '500', '1462', '1162', '354', '1803', '182', '1133', '2493']",63,0.6349206349206349
Z1129,Spicy Food/Sauce,13,Topic 13: Balut and other Eggs,40,"['1613', '1955', '900', '778', '446', '888', '813', '2230', '397', '210', '1295', '547', '1194', '95', '2291', '1408', '1755', '1202', '984', '537', '742', '718', '637', '2062', '2635', '641', '1481', '1111', '1084', '843', '506', '608', '1493', '1612', '1554', '868', '14', '627', '237', '521']",94,0.425531914893617
Z12,Artist Industry,47,Topic 47: Singing and Dancing Stars,39,"['491', '808', '2025', '1621', '538', '1151', '1243', '2280', '315', '1886', '92', '73', '206', '575', '2073', '2305', '2504', '2468', '2644', '1268', '1281', '2643', '1946', '490', '2369', '1263', '2266', '961', '1473', '1029', '889', '2218', '479', '356', '1918', '1242', '1637', '2476', '2152']",99,0.3939393939393939
Z1115,Barber Services,5,Topic 5: Barber Services,39,"['427', '140', '335', '289', '551', '548', '2650', '801', '1496', '1923', '1134', '1741', '2459', '558', '1806', '1705', '1927', '746', '2188', '2104', '1290', '1277', '674', '2017', '2688', '2219', '2495', '2283', '1506', '2608', '1271', '306', '2338', '1173', '2646', '2533', '1921', '1581', '723']",93,0.4431818181818182
Z35,Fruits & Dietary Items,89,Topic 89: Mango Fruit,38,"['369', '1186', '1768', '441', '2526', '438', '2065', '2055', '453', '1207', '822', '789', '992', '985', '176', '229', '699', '62', '422', '2661', '937', '2411', '10', '134', '380', '1091', '1728', '501', '437', '1106', '1380', '1054', '1964', '1158', '475', '1676', '1490', '2272']",63,0.6031746031746031
Z158,Jollibee,72,Topic 72: Watching Kwentong Jollibee Commercial,38,"['2678', '1240', '1833', '962', '213', '888', '314', '1967', '792', '1034', '336', '2052', '374', '592', '1030', '2291', '110', '1848', '842', '1145', '2572', '2271', '2677', '2635', '1538', '1879', '820', '2325', '614', '253', '1827', '2456', '362', '709', '1081', '1175', '951', '2680']",90,0.4222222222222222
Z128,Mountain and Waterfall Destinations,10,Topic 10: Swimming with Whale Sharks ,38,"['387', '606', '205', '2473', '2010', '1893', '360', '386', '944', '1635', '1930', '2399', '1252', '994', '326', '54', '2574', '932', '2356', '1591', '1828', '2426', '100', '519', '993', '1568', '1708', '1702', '1026', '2593', '1968', '0', '732', '285', '400', '968', '1083', '2031']",110,0.3454545454545454
Z1144,Tourism and Kayaking in Palawan and Boracay,10,Topic 10: Swimming with Whale Sharks ,38,"['606', '205', '2473', '2634', '2282', '1176', '1893', '930', '2684', '944', '2140', '391', '2572', '1193', '906', '2057', '932', '1721', '2356', '1591', '1828', '7', '1552', '519', '993', '1568', '1493', '2593', '1968', '0', '732', '1212', '400', '968', '2336', '1083', '2382', '2031']",110,0.3454545454545454
Z210,Jollibee Menu Items,72,Topic 72: Watching Kwentong Jollibee Commercial,37,"['2678', '1240', '962', '213', '888', '1395', '1967', '792', '336', '2052', '374', '592', '1030', '789', '2291', '1848', '842', '1145', '2572', '2677', '2635', '1538', '1879', '820', '2325', '614', '352', '1638', '253', '2456', '362', '709', '1081', '1175', '1544', '951', '2680']",90,0.4111111111111111
Z1148,Cooking and Recipes,34,Topic 34: Squid,36,"['1696', '1293', '1613', '2529', '1125', '1653', '1045', '1289', '11', '2484', '2651', '903', '415', '1928', '1095', '592', '565', '985', '1645', '2494', '468', '1531', '641', '229', '848', '1895', '323', '918', '322', '2177', '183', '837', '492', '1606', '2134', '1313']",130,0.2769230769230769
Z178,Household Amenities,10,Topic 10: Swimming with Whale Sharks ,36,"['387', '606', '205', '2473', '1867', '2282', '1176', '1893', '430', '386', '2140', '1635', '1193', '1252', '54', '1828', '7', '1552', '1438', '1977', '993', '1026', '1702', '1225', '2593', '0', '652', '1212', '1343', '968', '2336', '1206', '2367', '1680', '793', '496']",110,0.3272727272727272
Z243,Basketball,120,Topic 120: Winning Games and Excitement ,36,"['277', '1035', '1515', '2318', '871', '1053', '314', '1621', '1969', '734', '2125', '1347', '1423', '771', '2558', '2333', '2446', '1228', '2394', '2447', '983', '749', '2138', '1283', '870', '954', '2141', '1693', '376', '1625', '1389', '587', '2090', '2414', '2382', '885']",82,0.4390243902439024
Z31,Vocal Features and Lyrics in Latino & OPM Music,47,Topic 47: Singing and Dancing Stars,35,"['426', '1288', '2025', '1621', '2515', '538', '1151', '2280', '315', '132', '92', '988', '206', '2073', '1958', '2305', '2504', '2468', '2644', '1281', '2369', '1425', '498', '2217', '961', '1473', '1029', '1115', '356', '479', '1918', '1242', '1637', '2476', '2152']",99,0.3535353535353535
Z127,Village Travel and Exploration Logistics,10,Topic 10: Swimming with Whale Sharks ,35,"['1388', '2473', '40', '1176', '1893', '360', '386', '72', '2140', '1635', '994', '839', '2574', '932', '2356', '1591', '1828', '100', '2053', '1438', '1568', '1708', '1702', '1026', '1225', '1267', '2593', '732', '1212', '320', '1343', '968', '793', '496', '2671']",110,0.3181818181818182
Z1132,Adobo and Sisig Dishes,34,Topic 34: Squid,34,"['1696', '470', '371', '1653', '1045', '2566', '769', '1678', '415', '1095', '1194', '592', '234', '1408', '256', '1645', '1241', '2487', '736', '2277', '1895', '323', '108', '937', '1580', '183', '1787', '837', '716', '2134', '1235', '348', '2274', '2527']",130,0.2615384615384615
Z154,Jollibee Menu Items,19,Topic 19: Philippine Halo-Halo Dessert,33,"['1065', '213', '990', '1967', '586', '2081', '336', '2052', '2121', '650', '971', '1030', '1145', '190', '1879', '917', '2316', '634', '1638', '2206', '493', '1370', '2198', '2456', '651', '1435', '396', '708', '1175', '1342', '186', '1009', '2209']",228,0.4074074074074074
Z1102,Philippines Peso,73,Topic 73: Chinatown Manila,33,"['840', '1613', '606', '154', '397', '445', '289', '2544', '2383', '51', '650', '1085', '347', '590', '509', '984', '934', '2256', '2690', '2076', '2048', '1528', '2308', '860', '2007', '1887', '2567', '2646', '2196', '2367', '1235', '2235', '151']",59,0.559322033898305
Z184,Juices,12,Topic 12: Drinking Culture & Practices,33,"['2247', '1684', '31', '555', '2384', '551', '1356', '676', '924', '897', '2091', '776', '928', '1403', '1590', '172', '1959', '2197', '1152', '411', '1682', '2122', '1824', '2420', '2658', '1489', '1850', '2500', '395', '263', '1057', '2505', '521']",42,0.7857142857142857
Z38,Shopping and Currency,92,Topic 92: Going to Shopping Malls and Street Markets in Manila,33,"['1503', '1734', '2154', '2282', '1233', '568', '1376', '2162', '548', '1170', '374', '822', '1213', '789', '2498', '1475', '1049', '1965', '980', '1836', '537', '2062', '2682', '454', '1596', '141', '2549', '1640', '238', '505', '2527', '2027', '836']",56,0.5892857142857143
Z194,Shrimp and Seafoods,34,Topic 34: Squid,33,"['470', '1613', '1125', '2484', '1699', '2651', '1678', '1320', '1095', '1194', '2264', '1557', '234', '1241', '2662', '839', '359', '974', '1895', '918', '609', '1580', '2206', '501', '707', '416', '837', '2071', '41', '1676', '1544', '2156', '455']",130,0.2538461538461538
Z195,Tomato Pasta and Rice Dishes,34,Topic 34: Squid,33,"['470', '1613', '371', '2384', '1331', '1653', '2484', '11', '2036', '2566', '415', '1194', '945', '1557', '1408', '565', '985', '809', '974', '1895', '108', '352', '609', '183', '1787', '1569', '1544', '2156', '348', '1664', '2527', '423', '1495']",130,0.2538461538461538
Z311,"Airport Transportation, Flights, and Travel Documents",20,Topic 20: Travel Immigration & Visa Processes,32,"['2666', '1338', '1279', '2140', '2664', '624', '789', '591', '729', '1994', '932', '1622', '2694', '1174', '2691', '2104', '582', '1037', '2622', '1339', '1702', '1771', '2629', '1922', '212', '1633', '1943', '2448', '117', '425', '831', '1837']",68,0.4705882352941176
Z1194,Asian and European Culture,14,Topic 14: Spanish Colonialism in the Philippines,32,"['94', '1502', '200', '1940', '81', '2211', '2554', '604', '265', '2185', '1900', '1689', '1135', '1979', '2498', '232', '1691', '2147', '1695', '116', '869', '917', '1467', '1355', '2308', '1462', '1409', '1767', '1541', '2069', '884', '1366']",55,0.5818181818181818
Z11,Concert and Studio Music Performances,47,Topic 47: Singing and Dancing Stars,31,"['2046', '426', '538', '1151', '2280', '1886', '132', '206', '2468', '2644', '1281', '940', '2643', '1946', '490', '2369', '1425', '1263', '2266', '98', '961', '1029', '1115', '889', '2218', '479', '356', '1918', '1637', '2476', '1473']",99,0.3131313131313131
Z39,BGC Impressions,54,Topic 54: Manila Cathedral,31,"['2539', '1227', '2461', '703', '95', '578', '1697', '2433', '34', '669', '1485', '2333', '1591', '456', '2696', '308', '1589', '1092', '1121', '2308', '67', '618', '1409', '600', '753', '1537', '1997', '2193', '2527', '560', '2482']",67,0.4626865671641791
Z1114,Luke's Daily Blog,95,Topic 95: Filipino Moms doing a Vlog,31,"['485', '1211', '943', '1516', '2002', '420', '93', '1572', '1408', '115', '1040', '1917', '2286', '2502', '2457', '2097', '1204', '1296', '1058', '251', '2070', '942', '741', '108', '1084', '1823', '1114', '1964', '1769', '2350', '2524']",58,0.5344827586206896
Z1139,Immigration and Visa Services,20,Topic 20: Travel Immigration & Visa Processes,31,"['2450', '1510', '1273', '2058', '1338', '1279', '863', '2140', '2664', '624', '591', '729', '1994', '932', '1622', '1174', '2691', '582', '1037', '2622', '1339', '1771', '1922', '212', '1943', '683', '2448', '2082', '117', '425', '831']",68,0.4558823529411764
Z25,Busy Road Trips and Urban Traffic,58,Topic 58: Drinks & Relaxation by the Pool,30,"['794', '2600', '682', '1359', '289', '335', '1407', '551', '1236', '1590', '1159', '2352', '1649', '922', '2697', '399', '1622', '2333', '4', '2033', '690', '2429', '2593', '1596', '1394', '2510', '936', '2612', '52', '1738']",51,0.5882352941176471
Z19,Viral Latino Coach Reactions and Reviews,47,Topic 47: Singing and Dancing Stars,30,"['1035', '426', '1288', '2025', '1621', '2515', '538', '1151', '2280', '315', '132', '988', '206', '2305', '2504', '2468', '2644', '490', '2369', '1425', '498', '98', '1029', '1115', '889', '356', '479', '1918', '1242', '1637']",99,0.303030303030303
Z13,OPM and TikTok Trends,47,Topic 47: Singing and Dancing Stars,30,"['1035', '426', '1288', '2040', '2025', '1621', '169', '1151', '315', '988', '92', '1446', '575', '2073', '645', '1958', '2305', '2504', '2644', '1281', '1425', '2217', '961', '1115', '1285', '1918', '1242', '1637', '2476', '2152']",99,0.303030303030303
Z218,Alcoholic and Non-Alcoholic Beverages,12,Topic 12: Drinking Culture & Practices,30,"['1684', '31', '555', '551', '1356', '676', '924', '897', '2091', '776', '1590', '1403', '1959', '172', '2197', '1152', '411', '1849', '2122', '1824', '2420', '2658', '1489', '1850', '2500', '395', '1057', '2505', '2615', '521']",42,0.7142857142857143
Z32,Road Trips and Walks,58,Topic 58: Drinks & Relaxation by the Pool,30,"['794', '2600', '2666', '682', '1359', '289', '335', '551', '1236', '1590', '1159', '2352', '1649', '922', '2697', '399', '1622', '2333', '4', '2033', '690', '2429', '2593', '1596', '1394', '2510', '936', '2612', '52', '1738']",51,0.5882352941176471
Z1176,Miss Universe and Natural Beauty,74,Topic 74: Philippine Beauty Pageant & Miss Universe,29,"['1833', '2452', '424', '1208', '1998', '2230', '1744', '554', '18', '1979', '367', '2498', '1671', '1144', '180', '575', '2073', '762', '1322', '518', '1946', '1854', '1425', '2598', '479', '1835', '2519', '747', '2045']",51,0.5686274509803921
Z122,Hard to Categorize / Seems Useless,14,Topic 14: Spanish Colonialism in the Philippines,29,"['154', '1710', '94', '1502', '200', '941', '81', '862', '2211', '2554', '265', '2185', '1900', '578', '1135', '1979', '2498', '232', '2147', '116', '869', '917', '1355', '2308', '1462', '1409', '2069', '884', '1680']",55,0.5272727272727272
Z1162,Dancing,47,Topic 47: Singing and Dancing Stars,28,"['2046', '808', '2515', '1151', '2280', '92', '1446', '2405', '206', '575', '2073', '1958', '2504', '1319', '2644', '2643', '1946', '490', '1263', '498', '961', '1473', '1029', '1285', '2218', '365', '2152', '481']",99,0.2828282828282828
Z168,Coconut Milk,81,Topic 81: Coconut Varieties and Production,28,"['369', '1768', '2559', '1953', '461', '1502', '511', '1176', '1979', '2498', '1202', '272', '984', '2024', '1419', '637', '1721', '1849', '917', '108', '1355', '633', '500', '1462', '956', '1225', '1196', '1218']",61,0.4590163934426229
Z1110,Friendly Impressions,110,Topic 110: Experiencing Culture Shock,27,"['1503', '2438', '1845', '216', '2560', '2591', '881', '74', '2329', '705', '601', '520', '717', '1350', '564', '80', '1931', '2163', '666', '1214', '2083', '902', '1929', '1997', '2118', '1139', '2020']",51,0.5294117647058824
Z1149,Pinoy-Planet: Pork Specialities,19,Topic 19: Philippine Halo-Halo Dessert,27,"['900', '221', '2254', '1653', '1852', '1097', '2536', '401', '139', '1928', '1532', '468', '317', '2353', '2092', '1531', '617', '2364', '726', '1247', '322', '644', '1812', '2015', '1313', '1694', '1802']",228,0.28125
Z1143,Coron Palawan Tourism,10,Topic 10: Swimming with Whale Sharks ,27,"['606', '205', '2473', '1176', '1893', '386', '2684', '2140', '391', '496', '2057', '2574', '932', '2356', '1591', '519', '1552', '1438', '993', '1568', '1026', '1493', '2593', '1702', '1968', '968', '1977']",110,0.4029850746268656
Z170,Fruits,89,Topic 89: Mango Fruit,27,"['369', '2526', '2154', '1915', '438', '1678', '1034', '2055', '453', '822', '789', '1309', '422', '937', '2411', '10', '134', '380', '1405', '1728', '1106', '1054', '2652', '1964', '1158', '475', '2354']",63,0.4285714285714285
Z1197,Business Issues,40,Topic 40: Largest Solar Power Projects in Manila / Southeast Asia,27,"['1227', '1539', '118', '8', '1024', '2065', '143', '379', '1135', '2374', '1661', '303', '1925', '1543', '2691', '1619', '1037', '2183', '1141', '1314', '1596', '1631', '1922', '1237', '237', '1078', '953']",49,0.5510204081632653
Z161,Adventure and Exploration,21,Topic 21: Banaue Rice Terraces,27,"['840', '2247', '2037', '2666', '2154', '941', '611', '289', '307', '1518', '95', '2126', '578', '2151', '1979', '1468', '934', '2124', '932', '2356', '1591', '869', '519', '1528', '1803', '1781', '1133']",63,0.4285714285714285
Z1154,Senior Art University Students,8,Topic 8: Philippines’ Dating & Relationship of Females,27,"['1099', '480', '1273', '1108', '1516', '532', '1593', '166', '624', '2004', '132', '1138', '1040', '2124', '2159', '119', '1904', '1957', '2522', '1017', '563', '433', '2467', '185', '1981', '117', '2476']",98,0.2755102040816326
Z1104,Budgeting and Rent Payment,20,Topic 20: Travel Immigration & Visa Processes,27,"['2450', '1278', '2058', '1338', '163', '2140', '2664', '624', '789', '1357', '932', '1622', '2691', '1828', '2104', '582', '1037', '1339', '1702', '1922', '1018', '212', '227', '1943', '2082', '117', '661']",68,0.3970588235294117
Z1124,Metro Manila,91,Topic 91: Metro Manila as the National Capital Region,27,"['91', '2539', '1723', '1807', '1761', '1502', '1154', '1940', '1966', '1900', '1979', '2498', '1049', '232', '317', '70', '308', '1355', '2373', '960', '851', '1462', '598', '2153', '936', '1366', '1078']",53,0.5094339622641509
Z233,Immigration and Visa Services,20,Topic 20: Travel Immigration & Visa Processes,27,"['2450', '1510', '2058', '1338', '1279', '2140', '2664', '624', '591', '729', '1994', '1622', '1174', '582', '1037', '2622', '1339', '1771', '1922', '212', '1943', '683', '2448', '2082', '117', '425', '831']",68,0.3970588235294117
Z1177,Geography and Human Interaction,21,Topic 21: Banaue Rice Terraces,27,"['2154', '1502', '103', '611', '1154', '862', '2002', '386', '1900', '2126', '1979', '2498', '1468', '761', '934', '932', '1892', '917', '519', '1355', '1528', '500', '1462', '354', '2069', '1083', '1133']",63,0.4285714285714285
Z164,Expenses and Payment Options,20,Topic 20: Travel Immigration & Visa Processes,26,"['2450', '2058', '1338', '163', '2140', '2664', '624', '789', '591', '729', '1357', '1622', '2691', '582', '2622', '1339', '690', '1702', '2629', '1922', '212', '1943', '2448', '2082', '117', '661']",68,0.3823529411764705
Z1196,Product Diversity,14,Topic 14: Spanish Colonialism in the Philippines,26,"['2247', '1710', '94', '1502', '941', '81', '1940', '2211', '2554', '604', '1689', '1135', '1979', '2498', '1741', '1691', '2147', '116', '869', '1467', '1355', '1462', '884', '2178', '1680', '1366']",55,0.4727272727272727
Z185,Alcohol Beverage,12,Topic 12: Drinking Culture & Practices,26,"['1684', '31', '555', '1356', '924', '897', '2091', '776', '1590', '1959', '172', '2197', '411', '1849', '2122', '1824', '2420', '2658', '1489', '1850', '2500', '395', '1057', '2505', '2615', '521']",42,0.6190476190476191
Z199,Shopping Malls,92,Topic 92: Going to Shopping Malls and Street Markets in Manila,26,"['2154', '2282', '568', '1376', '548', '374', '1689', '822', '1213', '789', '2498', '1965', '1049', '980', '1836', '1404', '454', '500', '1596', '141', '208', '2083', '2549', '1640', '936', '2527']",56,0.4642857142857143
Z198,Fresh Goods Shopping,92,Topic 92: Going to Shopping Malls and Street Markets in Manila,25,"['1726', '1233', '2282', '568', '2162', '548', '374', '822', '789', '1475', '1965', '980', '537', '2594', '2682', '2062', '2444', '454', '100', '1596', '141', '208', '2549', '2527', '836']",56,0.4464285714285714
Z1101,Money and Slang,58,Topic 58: Drinks & Relaxation by the Pool,25,"['794', '2600', '1867', '289', '335', '1407', '551', '2650', '2689', '2322', '1590', '1838', '2352', '298', '922', '1649', '1622', '4', '699', '690', '2593', '1868', '936', '2612', '52']",51,0.4901960784313725
Z126,Bikes and Motorbikes,115,Topic 115: Bicycle & Tricycle Rental,25,"['222', '1734', '966', '920', '24', '556', '1630', '42', '2288', '906', '2298', '2647', '463', '583', '422', '380', '437', '733', '2153', '1081', '1226', '1537', '1643', '2235', '1780']",59,0.423728813559322
Z220,Provincial House Construction,105,Topic 105: Unclear Repeated Terms,25,"['1907', '1935', '545', '642', '166', '947', '2322', '1764', '2545', '54', '1577', '1364', '2135', '1809', '2195', '2297', '1585', '2332', '26', '2462', '1888', '2681', '2686', '1618', '1345']",50,0.5
Z1106,Outdoor Fashion,6,Topic 6: Wildlife Species & Conservation,25,"['387', '840', '499', '1388', '439', '1126', '1176', '243', '1001', '1179', '317', '1682', '1798', '1911', '1438', '86', '2053', '1248', '1625', '320', '1061', '1663', '237', '864', '1094']",49,0.5102040816326531
Z22,Viral Latino Coach and Podcast Features,47,Topic 47: Singing and Dancing Stars,25,"['426', '1288', '2025', '1621', '2515', '538', '2280', '315', '132', '988', '206', '2305', '2504', '2468', '2644', '1946', '2369', '1425', '498', '1029', '1115', '479', '1918', '1242', '1637']",99,0.2525252525252525
Z144,Lechon,19,Topic 19: Philippine Halo-Halo Dessert,25,"['970', '441', '397', '461', '1231', '615', '179', '224', '1190', '1962', '2419', '1020', '974', '1727', '713', '2252', '946', '1702', '2380', '1625', '1640', '738', '931', '1313', '758']",228,0.2016129032258064
Z192,Province Life Culture Shock,110,Topic 110: Experiencing Culture Shock,25,"['2438', '2249', '1845', '216', '2591', '881', '2477', '2329', '705', '2051', '1139', '520', '1403', '717', '564', '1485', '80', '197', '879', '1931', '2605', '1214', '1346', '704', '2020']",51,0.4901960784313725
Z1166,Hard to Categorize / Seems Useless,105,Topic 105: Unclear Repeated Terms,25,"['1935', '284', '1772', '1873', '2568', '642', '545', '71', '1764', '2545', '54', '1577', '1809', '1860', '2297', '1196', '2332', '458', '356', '1237', '2462', '1888', '2681', '2686', '1345']",50,0.5
Z130,Jungle River Crossing,6,Topic 6: Wildlife Species & Conservation,24,"['1388', '549', '1492', '383', '1176', '255', '243', '1013', '317', '1682', '1798', '1438', '86', '2053', '1248', '2108', '1617', '437', '740', '320', '1061', '1663', '237', '1094']",49,0.4897959183673469
Z1158,Relationship with a Filipina,44,Topic 44: Dating & Relationships Setup,24,"['233', '856', '338', '1209', '1713', '1518', '325', '1574', '2091', '2528', '1885', '2004', '1720', '398', '1375', '2110', '869', '1015', '1102', '1616', '1312', '2511', '297', '1321']",39,0.6153846153846154
Z1152,College Relations,56,Topic 56: Suspension of Classes in Schools,24,"['1318', '530', '1726', '59', '624', '1465', '935', '2543', '2059', '1903', '2642', '1511', '9', '1168', '2094', '1155', '2206', '1631', '1651', '2083', '26', '2290', '2212', '2467']",34,0.7058823529411765
Z1183,Flower and Plant Garden,89,Topic 89: Mango Fruit,24,"['1186', '1644', '1558', '1915', '1525', '1678', '453', '1207', '822', '789', '992', '176', '2543', '1750', '229', '699', '62', '422', '1091', '1728', '501', '1106', '1964', '1158']",63,0.3809523809523809
Z123,Walking and Traffic,38,Topic 38: Basilicas and Cathedrals in the Philippines,24,"['1553', '549', '1476', '311', '95', '1689', '899', '2077', '2433', '985', '1179', '2682', '2124', '1798', '2696', '855', '1092', '1528', '1617', '1416', '2023', '892', '936', '237']",42,0.5714285714285714
Z174,Hard to Categorize / Seems Useless,105,Topic 105: Unclear Repeated Terms,24,"['1907', '284', '2154', '1873', '2568', '1093', '545', '947', '2322', '1236', '774', '1764', '2545', '54', '1577', '1364', '2195', '2297', '594', '356', '2462', '1888', '2681', '2686']",50,0.48
Z18,Podcast Features,47,Topic 47: Singing and Dancing Stars,24,"['426', '1288', '2025', '1621', '2515', '538', '2280', '315', '132', '988', '206', '2305', '2504', '2468', '2644', '1946', '2369', '498', '1029', '1115', '479', '1918', '1242', '1637']",99,0.2424242424242424
Z1138,Airport,20,Topic 20: Travel Immigration & Visa Processes,23,"['1685', '2666', '1273', '1338', '1279', '2664', '789', '591', '729', '932', '1622', '2694', '1174', '2691', '2622', '1339', '1702', '2629', '1943', '2448', '425', '831', '1837']",68,0.3382352941176471
Z171,Peach Mangoes,89,Topic 89: Mango Fruit,23,"['1186', '1768', '441', '2526', '438', '2055', '1207', '822', '992', '229', '1005', '62', '937', '134', '380', '1091', '1728', '501', '1106', '1380', '1158', '1676', '2272']",63,0.365079365079365
Z160,Travel Events and Meeting Experiences,14,Topic 14: Spanish Colonialism in the Philippines,23,"['1870', '2247', '94', '1502', '941', '862', '2185', '1900', '578', '93', '1979', '2498', '232', '1695', '116', '1355', '2308', '1462', '1409', '1541', '2408', '850', '884']",55,0.4181818181818181
Z151,"Pizza, Curry, and Bubble Drinks",26,Topic 26: Local Coffee and Coffee Shops,23,"['2226', '556', '548', '1512', '789', '1449', '1408', '934', '2487', '1721', '100', '389', '1609', '1506', '263', '2646', '1627', '1235', '1544', '559', '2482', '1229', '2667']",87,0.264367816091954
Z1178,Hard to Categorize / Seems Useless,92,Topic 92: Going to Shopping Malls and Street Markets in Manila,23,"['2154', '2282', '1678', '107', '2162', '548', '1170', '374', '789', '2498', '1475', '1049', '1965', '2594', '454', '100', '500', '141', '20', '2549', '505', '291', '836']",56,0.4107142857142857
Z135,Snack Foods: Chocolate and Corn,103,"Topic 103: Mixture of Subjects: Jungle, Food, and Pop Culture ",23,"['513', '1723', '715', '622', '155', '1320', '459', '1739', '2419', '2347', '849', '744', '809', '226', '2047', '46', '1506', '2071', '1868', '2158', '1371', '365', '2527']",56,0.4107142857142857
Z1120,Pinay Moms,95,Topic 95: Filipino Moms doing a Vlog,23,"['640', '341', '1683', '943', '11', '2002', '420', '532', '1287', '1508', '344', '1079', '760', '115', '1917', '2097', '1204', '570', '1296', '251', '799', '1769', '2350']",58,0.396551724137931
Z118,Public Transportation,14,Topic 14: Spanish Colonialism in the Philippines,22,"['1870', '94', '200', '1940', '862', '265', '1900', '578', '1135', '93', '1979', '2498', '232', '116', '917', '1467', '1355', '2308', '1462', '1409', '1366', '2621']",55,0.4
Z16,Environmental Sound Clips,47,Topic 47: Singing and Dancing Stars,22,"['2046', '1035', '1621', '2515', '1417', '2280', '1134', '315', '132', '988', '73', '326', '206', '2468', '2644', '2369', '1473', '356', '2152', '1242', '1096', '481']",99,0.2222222222222222
Z176,Hard to Categorize / Seems Useless,6,Topic 6: Wildlife Species & Conservation,22,"['387', '1388', '1492', '1176', '255', '243', '1001', '1682', '1706', '1798', '1438', '86', '2053', '2640', '2108', '671', '320', '285', '1663', '237', '864', '2603']",49,0.4489795918367347
Z226,"Forts, Hills, and Churches",110,Topic 110: Experiencing Culture Shock,22,"['2438', '1845', '216', '2560', '2591', '881', '74', '601', '520', '1142', '717', '1350', '80', '1931', '2163', '902', '2290', '1929', '1997', '2118', '1139', '2020']",51,0.4313725490196078
Z137,Philippine Weather,118,Topic 118: Mommy and Baby's Morning Events ,22,"['1526', '1076', '284', '1510', '415', '898', '2114', '2293', '1461', '899', '1100', '636', '2599', '663', '2565', '1675', '627', '731', '2235', '496', '44', '76']",63,0.3492063492063492
Z224,Dollar Peso Comparison,116,Topic 116: Chicken & its Specific Related Dishes ,22,"['461', '813', '1937', '2162', '1284', '374', '657', '2256', '2059', '323', '618', '2043', '664', '2206', '2636', '1702', '866', '696', '982', '1054', '731', '784']",41,0.5365853658536586
Z1182,Giant Land Area,91,Topic 91: Metro Manila as the National Capital Region,22,"['1502', '1154', '2544', '1940', '1900', '1979', '2498', '232', '1202', '317', '1485', '308', '1355', '2373', '1462', '2337', '2655', '1011', '2075', '1366', '1078', '798']",53,0.4150943396226415
Z1207,Largest National Population,91,Topic 91: Metro Manila as the National Capital Region,22,"['1723', '1502', '1154', '1940', '1900', '1979', '2498', '1236', '232', '2096', '308', '519', '1355', '2373', '1462', '2337', '598', '936', '128', '1366', '779', '1451']",53,0.4150943396226415
Z163,Cebu,106,Topic 106: Chocolate Hills in Bohol,21,"['31', '1601', '2210', '260', '2592', '886', '1220', '2682', '247', '1605', '1591', '1219', '1556', '437', '1314', '1372', '1972', '2228', '2118', '2045', '723']",60,0.35
Z225,Photography and Safety,116,Topic 116: Chicken & its Specific Related Dishes ,21,"['277', '813', '1233', '1937', '1122', '2162', '374', '2059', '399', '323', '618', '2043', '664', '1702', '866', '696', '982', '1054', '263', '2344', '731']",41,0.5121951219512195
Z1172,Disney Movie and Actors,24,Topic 24: Manny Pacquaio (National Icon),21,"['372', '1926', '2452', '635', '2238', '2314', '629', '1149', '12', '1954', '1762', '2073', '2558', '823', '655', '639', '1871', '1637', '2453', '1311', '1473']",55,0.3818181818181818
Z139,Temperature,116,Topic 116: Chicken & its Specific Related Dishes ,21,"['277', '1807', '461', '1233', '1122', '210', '1284', '374', '399', '1855', '618', '380', '664', '2150', '1702', '696', '982', '1054', '263', '731', '1375']",41,0.5121951219512195
Z172,Bananas,26,Topic 26: Local Coffee and Coffee Shops,21,"['39', '145', '2531', '1331', '2230', '159', '2478', '1408', '1755', '176', '2635', '1721', '1201', '389', '1942', '1109', '1335', '1686', '1235', '931', '2482']",87,0.2413793103448276
Z159,Hungry for Chicken,116,Topic 116: Chicken & its Specific Related Dishes ,20,"['1807', '461', '813', '1122', '210', '903', '374', '2059', '323', '618', '664', '2206', '2150', '1702', '866', '696', '982', '2406', '2445', '731']",41,0.4878048780487805
Z113,Hard to Categorize / Seems Useless,83,Topic 83: Building Materials and Tools for Construction,20,"['966', '1558', '1772', '1181', '340', '1202', '750', '1764', '869', '281', '1809', '114', '2195', '1945', '1054', '2681', '2523', '2686', '1921', '798']",47,0.425531914893617
Z241,"Filipina Dating, Marriage, and Partnerships",44,Topic 44: Dating & Relationships Setup,20,"['233', '856', '1209', '1713', '1074', '1518', '325', '2091', '2528', '1885', '2004', '398', '2340', '2110', '1015', '1102', '1616', '2511', '297', '1321']",39,0.5128205128205128
Z1186,Famous and Popular,46,Topic 46: National Flag,19,"['2398', '94', '1502', '200', '373', '1154', '1744', '1979', '2498', '934', '1341', '630', '2096', '500', '1462', '902', '356', '2563', '1133']",30,0.6333333333333333
Z1112,Historic Landmarks,54,Topic 54: Manila Cathedral,19,"['703', '95', '1697', '2668', '2124', '1591', '2696', '308', '1046', '1589', '1092', '1121', '1528', '2308', '860', '1409', '600', '1997', '536']",67,0.2835820895522388
Z215,Natural Disasters,31,Topic 31: Severe Weather & Life in Storm-Prone Regions ,19,"['794', '2531', '1023', '1940', '1327', '1843', '2360', '1976', '785', '854', '1082', '1089', '1405', '2636', '450', '2695', '972', '291', '1133']",40,0.475
Z1199,"Expat Culture, Vacations, and Finance",30,Topic 30: Wealthy & Rich Tourists Travelling,19,"['118', '1845', '1278', '1716', '601', '2399', '729', '2457', '4', '1037', '2368', '1631', '2679', '1747', '1766', '30', '185', '2035', '2020']",49,0.3877551020408163
Z227,Metro Manila Modern Development,91,Topic 91: Metro Manila as the National Capital Region,19,"['1723', '1807', '1940', '1966', '2374', '2498', '1049', '317', '70', '308', '2373', '960', '2432', '851', '2153', '936', '128', '1366', '1078']",53,0.3584905660377358
Z211,Cebu Adventure,75,Topic 75: Internet Connectivity in Tourist Destinations,19,"['2507', '427', '1153', '888', '255', '1681', '1951', '1976', '1350', '2159', '2370', '1118', '1267', '1271', '2448', '117', '47', '704', '764']",48,0.3958333333333333
Z1118,Hard to Categorize / Seems Useless,12,Topic 12: Drinking Culture & Practices,19,"['1684', '2384', '551', '1356', '676', '924', '897', '2091', '776', '1959', '2197', '2122', '2420', '2658', '552', '1489', '1850', '395', '263']",42,0.4523809523809524
Z1119,Hard to Categorize / Seems Useless,105,Topic 105: Unclear Repeated Terms,19,"['1907', '1935', '284', '1873', '334', '774', '54', '1577', '1364', '1809', '2195', '2297', '2332', '356', '2462', '1888', '2686', '1618', '2454']",50,0.38
Z1125,Global Museums,91,Topic 91: Metro Manila as the National Capital Region,19,"['1723', '1940', '1966', '1900', '2374', '2498', '1049', '232', '317', '70', '308', '519', '1069', '1355', '2373', '960', '936', '128', '1078']",53,0.3584905660377358
Z145,Mexican Narratives,14,Topic 14: Spanish Colonialism in the Philippines,18,"['116', '1135', '869', '917', '232', '94', '1691', '1355', '200', '1900', '2554', '81', '2211', '2147', '246', '604', '2185', '72']",55,0.3272727272727272
Z1191,Heartfelt Stories on Instagram,36,Topic 36: Officer Meijii Yoshimi and the Onoda Incident,18,"['1925', '1993', '9', '2345', '686', '2267', '2654', '290', '2509', '717', '1759', '1339', '1844', '18', '575', '1105', '724', '2558']",34,0.5294117647058824
Z1204,"War, Soldiers, and National Defense",51,Topic 51: Historical States of the Southeast Asian Archipelago,18,"['840', '1870', '917', '93', '2069', '1509', '1691', '1355', '1368', '81', '862', '1940', '2211', '2554', '1409', '818', '1366', '1373']",27,0.6666666666666666
Z110,Local Community,51,Topic 51: Historical States of the Southeast Asian Archipelago,18,"['1870', '917', '93', '2069', '1509', '2399', '1691', '1355', '1368', '486', '81', '1533', '2211', '1940', '2554', '1409', '1366', '1373']",27,0.6666666666666666
Z125,Hard to Categorize / Seems Useless,58,Topic 58: Drinks & Relaxation by the Pool,18,"['859', '1236', '1590', '1159', '1867', '2697', '2622', '1596', '1359', '922', '335', '690', '1407', '551', '2333', '2650', '2593', '1394']",51,0.3529411764705882
Z1105,Gesture and Style,12,Topic 12: Drinking Culture & Practices,17,"['1356', '676', '2247', '2122', '897', '2091', '2500', '395', '2420', '1959', '263', '2505', '551', '411', '1735', '1489', '1850']",42,0.4047619047619047
Z239,University Art Education and Life,56,Topic 56: Suspension of Classes in Schools,17,"['1903', '1651', '2083', '59', '624', '2642', '1511', '2290', '2467', '1318', '530', '935', '1726', '2543', '2206', '2525', '1631']",34,0.5
Z1201,Magellan and American Influence in the PH,51,Topic 51: Historical States of the Southeast Asian Archipelago,17,"['1870', '917', '93', '2069', '2399', '1691', '1355', '1368', '81', '862', '2211', '1940', '2554', '1409', '1695', '1366', '1373']",27,0.6296296296296297
Z1117,Clubbing and Gathering Culture,99,Topic 99: Cow & Farm Life,17,"['406', '2388', '2500', '2392', '2510', '985', '622', '2661', '290', '2094', '1419', '423', '2628', '2508', '2213', '1534', '1545']",48,0.3541666666666667
Z173,Storm Impact and Activities in Mindanao,31,Topic 31: Severe Weather & Life in Storm-Prone Regions ,17,"['450', '794', '966', '1843', '2695', '2531', '1023', '1976', '785', '291', '854', '1082', '1940', '1089', '2636', '1133', '1327']",40,0.425
Z114,Condo Security and Services,114,"Topic 114: Specific Venues: Circle Hall, Hobbit House, and Themed Spots ",17,"['1798', '221', '1957', '1616', '1318', '1159', '342', '1173', '237', '1921', '1834', '860', '703', '2527', '1702', '543', '1335']",51,0.3333333333333333
Z1108,Film Camera,71,Topic 71: Dog Losing / Being Lost,17,"['1099', '191', '108', '899', '689', '2077', '2424', '1972', '1435', '856', '735', '1674', '360', '2258', '630', '136', '1077']",36,0.4722222222222222
Z246,Pop Commercial Culture,51,Topic 51: Historical States of the Southeast Asian Archipelago,17,"['840', '1870', '917', '93', '2069', '1355', '1368', '1831', '486', '81', '862', '1533', '1940', '2211', '2554', '1409', '1366']",27,0.6296296296296297
Z190,House Construction,105,Topic 105: Unclear Repeated Terms,16,"['2332', '1907', '947', '1935', '26', '1236', '2135', '1364', '1809', '2545', '2462', '2681', '2195', '2686', '2297', '1345']",50,0.32
Z245,"Celebrity, Faith, and Perception",46,Topic 46: National Flag,16,"['1979', '2398', '2498', '356', '599', '2257', '2563', '94', '500', '1502', '200', '373', '1154', '1462', '603', '1133']",30,0.5333333333333333
Z1190,Single Women and Opinions,22,Topic 22: Discussing Prejudice Against Women,16,"['325', '161', '394', '1792', '2384', '760', '879', '33', '1150', '257', '312', '2262', '877', '1559', '265', '2116']",25,0.64
Z1153,Students,56,Topic 56: Suspension of Classes in Schools,16,"['1903', '1651', '2083', '59', '624', '2642', '2290', '2467', '1318', '935', '1726', '2543', '950', '2206', '2525', '1631']",34,0.4705882352941176
Z216,Household Amenities,83,Topic 83: Building Materials and Tools for Construction,16,"['1054', '794', '2398', '1558', '281', '1772', '1202', '750', '1809', '2545', '114', '1921', '340', '2195', '999', '1234']",47,0.3404255319148936
Z177,Household Amenities,83,Topic 83: Building Materials and Tools for Construction,16,"['2507', '1054', '794', '2398', '281', '1202', '750', '1809', '2545', '114', '1921', '340', '2195', '2523', '999', '798']",47,0.3404255319148936
Z191,Hard to Categorize / Seems Useless,30,Topic 30: Wealthy & Rich Tourists Travelling,16,"['212', '361', '2679', '1747', '1037', '1278', '1716', '30', '185', '729', '2123', '2111', '2457', '1698', '2020', '4']",49,0.3265306122448979
Z121,Hard to Categorize / Seems Useless,116,Topic 116: Chicken & its Specific Related Dishes ,16,"['374', '696', '982', '323', '1054', '461', '1702', '1233', '618', '2043', '1937', '1122', '664', '399', '2162', '1284']",41,0.3902439024390244
Z189,Masonry and Wall Building,105,Topic 105: Unclear Repeated Terms,16,"['947', '1907', '545', '2322', '1964', '1764', '1809', '2545', '2462', '1888', '2681', '2686', '1577', '594', '642', '334']",50,0.32
Z119,Wooden Construction and Furniture,105,Topic 105: Unclear Repeated Terms,16,"['2332', '458', '1907', '26', '2322', '1935', '284', '1236', '1809', '1237', '1888', '2686', '54', '2195', '1618', '334']",50,0.32
Z1109,Funny Photos,77,Topic 77: Rizal Park Monument & Manila Cemetery,16,"['2682', '1134', '2440', '2603', '520', '2666', '1179', '2634', '2556', '187', '658', '2551', '360', '1702', '1335', '199']",32,0.5
Z1175,Hard to Categorize / Seems Useless,51,Topic 51: Historical States of the Southeast Asian Archipelago,16,"['818', '1870', '917', '93', '1691', '1355', '1368', '81', '862', '2211', '1940', '2554', '1409', '1695', '1366', '1373']",27,0.5925925925925926
Z1116,Chinatown Street Food,116,Topic 116: Chicken & its Specific Related Dishes ,16,"['696', '323', '1054', '394', '657', '1807', '461', '1702', '2445', '1233', '1855', '618', '664', '2162', '866', '1284']",41,0.3902439024390244
Z1113,US Poverty,52,Topic 52: Poverty Porn Content in YouTube,15,"['942', '9', '2224', '837', '1465', '2648', '1262', '936', '1396', '564', '953', '119', '648', '43', '1604']",40,0.375
Z1140,Passport Documents,61,Topic 61: Visa & Bureau of Immigration,15,"['727', '2327', '2687', '1943', '624', '2249', '1751', '1275', '192', '1037', '2373', '1822', '2041', '2258', '2699']",33,0.4545454545454545
Z24,Hard to Categorize / Seems Useless,116,Topic 116: Chicken & its Specific Related Dishes ,15,"['374', '696', '982', '323', '1054', '461', '1702', '1233', '618', '2043', '1937', '664', '399', '2162', '1284']",41,0.3658536585365853
Z247,Asian Women in Business,51,Topic 51: Historical States of the Southeast Asian Archipelago,15,"['1870', '917', '93', '233', '1509', '2399', '1355', '1368', '486', '81', '862', '2211', '1409', '1366', '1695']",27,0.5555555555555556
Z183,San Miguel Beer,12,Topic 12: Drinking Culture & Practices,15,"['2500', '1824', '1684', '1590', '31', '555', '2658', '172', '263', '2197', '2615', '551', '411', '521', '1850']",42,0.3571428571428571
Z1205,"Government, Economy, and Legal Territory",51,Topic 51: Historical States of the Southeast Asian Archipelago,15,"['1870', '917', '93', '1509', '1691', '1355', '1368', '486', '81', '862', '2211', '1940', '2554', '1366', '1373']",27,0.5555555555555556
Z136,Chips and Snacks,103,"Topic 103: Mixture of Subjects: Jungle, Food, and Pop Culture ",15,"['513', '226', '46', '1723', '1506', '2071', '2158', '622', '2419', '155', '1371', '744', '1320', '2047', '809']",56,0.2678571428571428
Z188,Birthday and Cultural Celebrations,51,Topic 51: Historical States of the Southeast Asian Archipelago,15,"['818', '1870', '917', '93', '1509', '1355', '1368', '486', '2554', '81', '862', '2211', '1409', '1373', '1695']",27,0.5555555555555556
Z156,Fast Food Burgers,54,Topic 54: Manila Cathedral,15,"['1591', '308', '1227', '2527', '1589', '2433', '2193', '618', '2482', '1409', '703', '2124', '2333', '600', '578']",67,0.2238805970149253
Z1171,Symbols and Icons Across Contexts,46,Topic 46: National Flag,15,"['1979', '2398', '2498', '356', '599', '2257', '2563', '94', '500', '1502', '200', '373', '1154', '1744', '1462']",30,0.5
Z1195,Cardinal Directions,51,Topic 51: Historical States of the Southeast Asian Archipelago,14,"['840', '2069', '917', '2399', '1691', '1355', '486', '1940', '81', '1533', '2211', '2554', '1409', '1366']",27,0.5185185185185185
Z1123,BGC and Venice Mall,18,Topic 18: Sagada Burial Caves & Hanging Coffins,14,"['1591', '1372', '1227', '446', '550', '2600', '1924', '1991', '2300', '2021', '1750', '333', '600', '271']",50,0.28
Z1111,Hard to Categorize / Seems Useless,12,Topic 12: Drinking Culture & Practices,14,"['1849', '2122', '924', '2091', '395', '1590', '1959', '172', '2505', '2197', '552', '551', '1489', '1850']",42,0.3333333333333333
Z1185,Wellness and Personal Growth,54,Topic 54: Manila Cathedral,14,"['2517', '1420', '456', '1727', '753', '2338', '1537', '2461', '2688', '34', '383', '669', '2527', '2054']",67,0.208955223880597
Z115,Hard to Categorize / Seems Useless,16,Topic 16: Philippine Monkey Eating Eagle,14,"['320', '1388', '1813', '605', '2053', '86', '21', '1663', '770', '731', '1966', '793', '386', '2476']",25,0.56
Z1180,Reading Singapore Books,33,Topic 33: San Miguel Corporation,14,"['1382', '182', '1344', '1135', '683', '2491', '1536', '769', '1157', '711', '255', '2476', '2011', '1400']",33,0.4242424242424242
Z1168,Parents,57,Topic 57: Filipino Marriage,14,"['1988', '2087', '394', '2450', '2227', '1338', '717', '1042', '1859', '1424', '138', '1311', '2125', '2203']",32,0.4375
Z1151,Medical and Hospital Services,30,Topic 30: Wealthy & Rich Tourists Travelling,14,"['361', '2679', '683', '1845', '2224', '1037', '1278', '1747', '1631', '185', '55', '950', '2111', '4']",49,0.2857142857142857
Z179,Household Amenities,31,Topic 31: Severe Weather & Life in Storm-Prone Regions ,14,"['794', '718', '693', '1843', '527', '2695', '2531', '1357', '854', '1405', '710', '1647', '2636', '1667']",40,0.35
Z117,Business and Neighborhood Life,73,Topic 73: Chinatown Manila,14,"['347', '1613', '2455', '2578', '2646', '444', '1997', '874', '934', '2235', '2007', '51', '2076', '1085']",59,0.2372881355932203
Z142,Hard to Categorize / Seems Useless,6,Topic 6: Wildlife Species & Conservation,13,"['387', '1706', '320', '1388', '2053', '1061', '1001', '1663', '1179', '317', '1176', '255', '1625']",49,0.2653061224489796
Z112,Tricycle Driver,115,Topic 115: Bicycle & Tricycle Rental,13,"['733', '1000', '2153', '644', '888', '906', '2298', '1639', '2499', '1780', '24', '1623', '152']",59,0.2203389830508474
Z162,Travel and Accommodation in Bohol,75,Topic 75: Internet Connectivity in Tourist Destinations,13,"['2507', '7', '2370', '1271', '1153', '117', '1976', '1118', '47', '255', '1267', '704', '764']",48,0.2708333333333333
Z1159,Marriage and Spousal Relationships,44,Topic 44: Dating & Relationships Setup,13,"['325', '2110', '2528', '1885', '2004', '297', '856', '398', '1015', '1713', '2340', '1074', '1321']",39,0.3333333333333333
Z23,Local Transport Options,77,Topic 77: Rizal Park Monument & Manila Cemetery,12,"['1134', '2440', '2666', '1179', '2634', '2551', '658', '1884', '360', '1702', '1335', '2076']",32,0.375
Z175,Travel Safety,16,Topic 16: Philippine Monkey Eating Eagle,12,"['320', '1388', '2053', '520', '86', '21', '1663', '770', '176', '731', '1966', '2476']",25,0.48
Z1137,Taxi Rides and Flights,85,Topic 85: University and Campuses,12,"['429', '2236', '126', '2188', '1542', '2440', '1108', '317', '1966', '1336', '2124', '893']",37,0.3243243243243243
Z132,Forest Animals,16,Topic 16: Philippine Monkey Eating Eagle,12,"['320', '1388', '605', '2053', '520', '86', '21', '1663', '770', '731', '1966', '386']",25,0.48
Z244,Family Relations,57,Topic 57: Filipino Marriage,12,"['1988', '2012', '233', '2087', '394', '2450', '1338', '717', '1042', '1424', '138', '2125']",32,0.375
Z316,Movie Star Influence,87,Topic 87: American Invasion of Hawaii Region and Historical Conflicts,12,"['1041', '1870', '1135', '93', '2069', '656', '1389', '719', '1710', '424', '475', '862']",19,0.631578947368421
Z1206,Muslim Religion in Major Cities,51,Topic 51: Historical States of the Southeast Asian Archipelago,12,"['917', '1509', '1691', '1355', '486', '2554', '1940', '81', '862', '2211', '1409', '1366']",27,0.4444444444444444
Z1161,Competition,28,Topic 28: Mixed Martial Arts and Fighting ,12,"['2438', '1006', '232', '449', '2130', '1786', '2343', '477', '1119', '1626', '2116', '542']",35,0.3428571428571428
Z116,Transit Routes near Resort,77,Topic 77: Rizal Park Monument & Manila Cemetery,12,"['2639', '1134', '2666', '1179', '2634', '2556', '658', '950', '2682', '1702', '560', '1335']",32,0.375
Z1200,Planning,53,Topic 53: War & Conflict in Cuba & Spain,12,"['840', '1870', '93', '2008', '389', '862', '664', '1373', '245', '74', '1368', '1716']",23,0.5217391304347826
Z238,"Medical Staff, Health Safety, and Services",30,Topic 30: Wealthy & Rich Tourists Travelling,11,"['2679', '683', '1845', '2224', '1037', '1278', '1747', '55', '818', '1698', '4']",49,0.2244897959183673
Z1150,Medical Staff and Health Safety,46,Topic 46: National Flag,11,"['1979', '2498', '599', '1589', '500', '1502', '200', '1154', '1744', '1341', '1462']",30,0.3666666666666666
Z147,Colors,16,Topic 16: Philippine Monkey Eating Eagle,11,"['320', '1388', '605', '2053', '86', '21', '1663', '770', '731', '793', '386']",25,0.44
Z1165,Ball Sports,16,Topic 16: Philippine Monkey Eating Eagle,11,"['320', '1388', '2053', '520', '86', '1663', '770', '176', '731', '22', '2476']",25,0.44
Z120,Negative Mindsets,87,Topic 87: American Invasion of Hawaii Region and Historical Conflicts,11,"['1870', '1135', '93', '656', '719', '2135', '1710', '862', '1368', '1771', '1327']",19,0.5789473684210527
Z1188,Personal Finance,80,Topic 80: Filipino Marriage Tradition,11,"['2083', '2679', '2087', '2243', '683', '675', '2193', '1102', '2041', '2234', '2393']",36,0.3055555555555556
Z1179,Hard to Categorize / Seems Useless,22,Topic 22: Discussing Prejudice Against Women,10,"['713', '2224', '1792', '760', '33', '935', '1150', '312', '1559', '265']",25,0.4
Z1107,Safety and Risk,16,Topic 16: Philippine Monkey Eating Eagle,10,"['320', '1388', '605', '2053', '86', '21', '1663', '731', '386', '740']",25,0.4
Z131,Blue Sky,16,Topic 16: Philippine Monkey Eating Eagle,10,"['320', '1388', '2053', '520', '86', '21', '1663', '731', '793', '386']",25,0.4
Z143,Meat and Animal Feed,16,Topic 16: Philippine Monkey Eating Eagle,10,"['320', '1388', '1993', '605', '2053', '520', '21', '1663', '770', '740']",25,0.4
Z1187,Pop Commercial Culture,53,Topic 53: War & Conflict in Cuba & Spain,10,"['840', '1870', '707', '93', '2008', '862', '664', '1373', '1246', '1368']",23,0.4347826086956521
Z1160,Physical Training,25,Topic 25: Military and its Subunits,9,"['2130', '1602', '1', '1032', '2165', '245', '1970', '1187', '2011']",20,0.45
Z129,Tropical Beach Elements,70,Topic 70: Physical Characteristics of the Tamaraw Dwarf Buffalo,9,"['320', '1388', '1130', '2053', '40', '1663', '2292', '1641', '1194']",29,0.3103448275862069
Z1192,Western Culture,51,Topic 51: Historical States of the Southeast Asian Archipelago,9,"['917', '93', '2399', '1355', '81', '1940', '1409', '1366', '1368']",27,0.3333333333333333
Z1164,Basketball ,46,Topic 46: National Flag,9,"['2096', '1979', '2498', '1589', '94', '1502', '200', '1154', '1462']",30,0.3
Z1121,Chocolate Hills,6,Topic 6: Wildlife Species & Conservation,9,"['387', '2603', '86', '549', '383', '317', '255', '1682', '437']",49,0.1836734693877551
Z1170,Facial Features,87,Topic 87: American Invasion of Hawaii Region and Historical Conflicts,9,"['1870', '1135', '93', '656', '1389', '719', '1710', '862', '1368']",19,0.4736842105263157
Z14,Hard to Categorize / Seems Useless,53,Topic 53: War & Conflict in Cuba & Spain,8,"['1870', '93', '862', '2586', '1373', '1246', '1368', '2242']",23,0.3478260869565217
Z1184,Weight and Measurement,25,Topic 25: Military and its Subunits,8,"['1478', '2130', '1602', '1857', '2339', '2165', '245', '1187']",20,0.4
Z1103,Price and Distance Evaluation,112,Topic 112: Cheap Transportation while Travelling,8,"['194', '720', '2533', '1118', '1298', '704', '1232', '836']",22,0.3636363636363636
Z232,Taxi Rides and Flights,112,Topic 112: Cheap Transportation while Travelling,8,"['729', '1118', '836', '831', '1298', '704', '1232', '1950']",22,0.3636363636363636
Z17,Music Performance Techniques,25,Topic 25: Military and its Subunits,8,"['587', '2130', '1', '1032', '2165', '1970', '1187', '2011']",20,0.4
Z1122,"Rodrigo Duterte, Davao, and Corporations",96,Topic 96: Cats & Rats,8,"['733', '7', '1354', '2193', '660', '2337', '1066', '2525']",26,0.3076923076923077
Z1167,Family Relations,25,Topic 25: Military and its Subunits,8,"['1478', '2188', '2130', '1187', '1602', '1032', '2165', '415']",20,0.4
Z242,Dance Competition,25,Topic 25: Military and its Subunits,8,"['2188', '587', '1918', '2130', '245', '1970', '1187', '2011']",20,0.4
Z1169,Hard to Categorize / Seems Useless,25,Topic 25: Military and its Subunits,7,"['1478', '319', '2130', '2165', '245', '1970', '1187']",20,0.35
Z1189,Social Dynamics During the Pandemic,87,Topic 87: American Invasion of Hawaii Region and Historical Conflicts,7,"['1870', '1135', '93', '2069', '719', '862', '1368']",19,0.3684210526315789
Z1174,Emotional Resilience,25,Topic 25: Military and its Subunits,7,"['1478', '2130', '912', '2165', '245', '1970', '415']",20,0.35
Z1173,Skills and Talent,25,Topic 25: Military and its Subunits,7,"['2130', '1602', '1915', '1', '1032', '1970', '1187']",20,0.35
Z1198,Professional Opportunities and Manny Pacquiao,87,Topic 87: American Invasion of Hawaii Region and Historical Conflicts,7,"['1041', '1870', '2069', '93', '656', '862', '1368']",19,0.3684210526315789
Z15,Karaoke machine,25,Topic 25: Military and its Subunits,7,"['319', '1918', '2130', '1602', '2339', '245', '1187']",20,0.35
Z1181,Pop Culture & Expression,76,Topic 76: Watching Violent Events ,6,"['958', '1615', '264', '2425', '1109', '1486']",25,0.24
