metric,score
u_mass,-1.7523811352417202
c_v,0.7137993820988936
c_npmi,0.14104984019578662
