Metric,Score
c_v,0.3251296038101337
u_mass,-1.3145676896266343
c_npmi,-0.11664887193235576
